Title,Lot Area (Land Area) ,Floor Area (Usable Area) ,No. of Floors ,Bedrooms,Bathrooms ,Price
"MOVE-IN READY, BRAND NEW HOUSE IN PRISTINA NORTH SUBDIVISION, TALAMBAN CEBU CITY.",224,149,1,3,3,15906000
"HOUSE FOR SALE IN BANAWA, CEBU CITY WITH LOT AREA OF 649SQM. VERY NEAR TO PAVILION MALL-BANAWA..",375,300,1,3,3,30000000
"Move-In Ready, Brand New, Modern House For Sale in Mandaue, Cebu.",505,430,1,4,5,20000000
Rush Sale! 500 SQM in Southbay Garden Paranaque.,575,500,2,7,4,39500000
Affordable House and Lot for Sale in Tanza Cavite PHirst Park Homes and Century Properties.,115,40,2,2,1,1800000
Affordable House and Lot for Sale in General Trias Cavite by PHirst Park Homes and Century Properties.,115,40,2,2,1,2000500
Affordable House and Lot for Sale in Naic Cavite by PHirst Park Homes and Century Properties.,115,40,2,2,1,1700001
4 Bedroom House and Lot Near Nuvali.,218,143,2,4,3,21093000
"DASMARINAS VILLAGE, MAKATI CITY (6BR HOUSE & LOT).",1107,1032,2,6,6,650000000
Affordable 2 Bedroom house and lot in Lipa.,159,84,2,2,2,3839830
Ready For Occupancy House and Lot Near Daang Hari Road.,140,65,2,2,2,5500000
Fully Furnished Townhouse For Sale in Mandaluyong City.,328.79,253.79,4,4,4,27930000
3 bedrooms House and lot for sale in ormoc(single Detached).,128.24,53.24,2,3,2,3390890
"The Resale 2-Storey House for Sale in Pramana Residential Park in Sta. Rosa, Laguna.",325,250,2,5,5,19500000
Build to Sell 3 Bedroom House and Lot in Santa Rosa.,218,143,2,3,2,21093000
3 Bedroom House and lot For Sales Near Nuvali.,218,143,2,3,2,21093000
Stunning House for Sale in Ayala Heights Quezon City.,582,507,3,5,,119000000
Ready Home 2 Bedroom House and Lot in Daang Hari.,155,80,2,2,2,5500000
For Sale 3- Bedroom Townhouse in Mandaluyong City near Boni Avenue.,230.48,155.48,3,3,4,16500000
End Unit Duplex House For Sale Inside a Guarded Compound Tandang Sora Quezon City.,325.55,250.55,3,3,3,19800000
For Sale 4- Bedroom Townhouse in Plainview Mandaluyong City.,328.79,253.79,4,4,5,26505000
For Sale 2- Car Garage 4-Bedroom Townhouse in Cubao Quezon City near EDSA.,324.45,249.45,4,4,5,22800000
For Sale 2-Car Garage Townhouse in Plainview Mandaluyong City.,230.48,155.48,3,3,4,18952500
For Sale 3- Bedroom Townhouse near SM North in Quezon City.,291.66,216.66,3,3,3,16300000
For sale 2bedroom 2 Storey Single detached House and lot in Panglao Bohol.,123.36,48.36,2,2,2,3062159
Brand New House and Lot For Sale in Ayala Heights.,895,820,1,5,5,160000000
Affordable Townhouse for Sale in Lipa Batangas PHirst Park Homes and Century Properties.,115,40,2,2,1,1825000
5Bedrooms House & Lot for Sale in Sun Valley Estates Antipolo City.,413,338,3,5,6,17730000
House and Lot in Grand Victoria Estates.,145,70,2,2,2,2800000
For Sale Corner Quadruplex Townhouse with 3-Car Garage in Tandang Sora Quezon City.,338.61,263.61,3,3,3,20800000
"Semi-Furnished, 3 bedrooms with car park, open for inhouse financing.",148.65,73.65,1,3,2,9352000
"Spacious House for Sale in Talamban, Cebu City.",525,450,1,5,3,32000000
Brandnew 3-storey / 6 BR Stunning House for Sale in Bulacao / Cebu – Pool&Gym.,642,567,3,6,5,39200000
For Sale Duplex House in Tandang Sora Quezon City near Congressional Avenue.,317.73,242.73,3,3,3,19300000
FOR SALE HOUSE AND LOT 3 BEDROOMS READY TO OCCUPY MIKE MODEL IN GRANDVILLE SUBD IN PEQUENO.,155,80,1,3,2,5774975
Mandaluyong City Townhouse for Sale! Mandaluyong City.,337.64,262.64,1,3,3,31000000
Affordable Lot for Sale in Antipolo City Lower Antipolo Valley Golf.,225,150,1,,,2185000
4-Bedroom 3-Toilet in House & Lot For Sale in Averdeen Estates Nuvali Laguna.,267,192,2,4,3,13370900
"Move-in Ready QC Townhouse near San Juan boundary, EDSA - Cubao.",295,220,2,3,3,26800000
Affordable Housing.,119,44,2,2,1,1750000
Affordable House and Lot by PHIRST PARK HOMES- UNNA SINGLE ATTACHED.,141.5,66.5,1,3,2,3000000
3 BR RFO House and Lot near Tagaytay City.,140,65,2,3,2,7405000
AZALEA Model Unit in Cabanatuan East (3 Bedroom & 2 Bathroom).,145,70,2,3,2,2149337
For Sale 4- Bedroom Single Attached House in Deparo Caloocan North.,240,165,2,4,3,10175000
Single House and Lot for Sale in Antipolo City near Robinsons Mall.,136,61,2,2,1,4688352
The Most Elegant House with 4 Bedrooms for Sale in Manila.,467,392,4,4,4,53000080
"The Villa Arsenia near New Molino Boulevard, Bacoor.",118,43,2,3,1,3300000
"Fully-Furnished 3BR, 3T&B House & Lot in Alberlyn Talisay For Sale.",175,100,1,3,3,7500000
Affordable House and Lot in Lipa Batangas by PHirst Park Homes and Century Properties.,115,40,2,2,1,1823935
Nice House for Sale in Dasmarinas Village Makati.,1223,1148,1,4,5,560321984
Fully Furnished Mandaluyong House & Lot near Acacia Lane - Shaw Blvd..,337,262,3,3,4,26000000
House and Lot for Sale in Batulao Nasugbu Batangas by PHirst Park Homes under Century Properties.,115,40,2,2,1,2260000
House and Lot for Sale in Lipa Batangas by PHirst Park Homes under Century Properties.,115,40,2,2,1,1820000
Nice House for Sale in Dasmarinas Village Makati.,1223,1148,1,4,5,560321984
Urdaneta Village Makati House for Sale.,1364,1289,1,4,5,455044000
House and Lot for Sale Urdaneta Village Makati.,1210,1135,1,4,5,397009984
For Sale Single Attached House in Tandang Sora Quezon City near Congressional Avenue and Mindanao Avenue.,317.73,242.73,3,3,3,19300000
"LAS BRISAS at TIERRA DEL SOL in Tanza, Cavite (Near SM Trece Martires).",187.5,112.5,2,3,2,4400000
Modern House for Sale in Dasmarinas Village Makati.,1038,963,1,8,5,455078016
Bungalow House for Sale in Dasmarinas Village Makati.,1425,1350,1,4,5,495023008
Nice House for Sale in Dasmarinas Village Makati.,1223,1148,1,4,5,560321984
House & Lot For Sale in Averdeen Estates Nuvali Laguna by AVIDA AyalaLand.,257,182,2,3,2,12370000
HOUSE AND LOT FOR SALE WITH 4 BEDROOM PLUS 2 PARKING.,225,150,2,4,4,13000000
Dasmarinas Village Makati Old House for Sale.,1560,1485,1,4,5,527022016
Single Detached House and Lot for Sale in Quezon City.,461,386,2,5,6,26300000
BRAND NEW HOUSE WITH 5 BEDROOMS PLUS 4 PARKING IN TALISAY CEBU.,381,306,3,5,5,26000000
4BR House & Lot for Sale Angono Rizal - Forest Farms: The Grove in Havila Townscape.,238,163,2,5,4,16400000
"RFO Antipolo, Rizal House for Sale.",165,90,2,4,2,5500000
Dasmarinas Village Makati Old House for Sale.,1560,1485,1,4,5,527022016
Modern House for Sale Bel Air Village Makati.,616,541,1,5,3,250020000
For Sale Bel Air Village Makati Renovated House.,607,532,1,5,3,210020992
Old House for Sale in Bel Air Village Makati.,637,562,1,4,3,220010000
Bel Air Village Makati Nice House for Sale.,716,641,1,4,3,237044000
"READY FOR OCCUPANCY 3 BEDROOMS IN SILANG, CAVITE.",140,65,2,3,3,7504000
"The 3-Bedroom Furnished House for Sale in Alabang West, Daang Hari Road.",562,487,2,3,4,55000000
Affordable Pre Selling 3 Bedroom House and Lot for Sale in Antipolo City.,153,78,2,3,2,3350000
Masinag Overlooking Affordable Flood Free House for Sale in Antipolo City.,153,78,2,3,2,3350000
The Awesome 2-Storey House for Sale at Ponderosa Leisure Farm.,878,803,2,4,4,27000000
Old House for Sale in Forbes Park Makati.,1825,1750,1,4,5,595012992
House and Lot for Sale in Dasmarinas Village Makati.,1282,1207,1,4,5,605057024
Brand New House for Sale in Dasmarinas Village Makati.,2553,2478,1,4,5,993041984
Bungalow House for Sale in Dasmarinas Village Makati.,1425,1350,1,4,5,495023008
Nice House for Sale in Dasmarinas Village Makati.,1223,1148,1,4,5,560321984
"The Newly Listed House and Lot for Sale at Pramana Residential Park in Sta. Rosa, Laguna.",245,170,2,3,3,11500000
Furnished 3 Bedroom House for Sale near Cebu International School.,275,200,1,3,3,18000000
5 Bedroom House for Sale in Talamban.,575,500,1,5,5,35000000
Furnished 3 Bedroom House for Sale near Cebu International School.,275,200,1,3,3,18000000
Affordable House and Lot by PHIRST PARK HOMES.,163,88,2,3,2,3900000
San Lorenzo Village Makati Brand New House for Sale.,676,601,1,5,3,190432992
House and Lot for Sale in Dasmarinas Village Makati.,1282,1207,1,4,5,605057024
Modern House for Sale in Dasmarinas Village Makati.,1038,963,1,8,5,455078016
Bungalow House for Sale in Dasmarinas Village Makati.,1425,1350,1,4,5,495023008
Nice House for Sale in Dasmarinas Village Makati.,1223,1148,1,4,5,560321984
Lowest Price House and Lot in Batulao Nasugbu Batangas by PHirst Park Homes and Century Properties.,115,40,2,2,1,2263000
Affordable House and Lot in Naic Cavite by PHirst Park Homes and Century Properties.,115,40,2,2,1,1757000
House and Lot for Sale Urdaneta Village Makati.,1210,1135,1,4,5,397009984
Old House for Sale Urdaneta Village Makati.,1136,1061,1,4,5,370432992
5 Bedroom Spacious House for Sale in North Town Homes.,875,800,1,5,6,130000000
House and Lot for Sale in Dasmarinas Village Makati.,1282,1207,1,4,5,605057024
Urdaneta Village Makati Bungalow Nice House for Sale.,1182,1107,1,5,5,405044992
Ready Home 4 Bedroom house and lot Near MCX and Daang Hari.,252,177,2,4,3,29207000
Old House for Sale San Lorenzo Village Makati.,537,462,1,3,3,125043000
Nice House for Sale in San Lorenzo Village Makati.,596,521,1,4,3,142107008
San Lorenzo Village Makati House for Sale.,594,519,1,3,3,165012000
Renovated House for Sale Forbes Park Makati.,1575,1500,1,5,6,755054976
For Sale Bel Air Village Makati Renovated House.,607,532,1,5,3,210020992
Old House for Sale Urdaneta Village Makati.,1136,1061,1,4,5,370432992
San Lorenzo Village Makati Brand New House for Sale.,676,601,1,5,3,190432992
Nice house for sale in Magallanes Village Makati.,483,408,1,3,3,110011000
Under Renovated House for Sale Magallanes Village Makati.,693,618,1,4,3,150011008
For Sale Magallanes Village Makati Brand New House.,813,738,1,4,3,225010000
Modern House for Sale in Dasmarinas Village Makati.,1038,963,1,8,5,455078016
Bungalow House for Sale in Dasmarinas Village Makati.,1425,1350,1,4,5,495023008
Nice House for Sale in Dasmarinas Village Makati.,1223,1148,1,4,5,560321984
Urdaneta Village Makati House for Sale.,1364,1289,1,4,5,455044000
Beautiful House for Sale Urdaneta Village Makati.,1553,1478,1,4,5,553112000
Urdaneta Village Makati Bungalow Nice House for Sale.,1182,1107,1,5,5,405044992
Affordable Townhouse for Sale in General Trias Cavite by PHirst Park Homes and Century Properties.,115,40,2,2,1,2000000
Elegant 4 Bedroom House for Sale in Maria Luisa Estate Park.,475,400,1,4,5,85000000
For Sale Modern house in San Lorenzo Village Makati.,645,570,1,6,3,175032992
Nice House for Sale in San Lorenzo Village Makati.,596,521,1,4,3,142107008
San Lorenzo Village Makati House for Sale.,594,519,1,3,3,165012000
For Sale Modern house in San Lorenzo Village Makati.,645,570,1,6,3,175032992
Nice House for Sale in San Lorenzo Village Makati.,596,521,1,4,3,142107008
San Lorenzo Village Makati House for Sale.,594,519,1,3,3,165012000
3 Bedroom Single Attached House and Lot for Sale PHirst Park Homes General Trias Cavite under Century Properties.,129,54,2,3,2,2100000
House and Lot for Sale Urdaneta Village Makati.,1210,1135,1,4,5,397009984
Old House for Sale Urdaneta Village Makati.,1136,1061,1,4,5,370432992
San Lorenzo Village Makati Brand New House for Sale.,676,601,1,5,3,190432992
Nice house for sale in Magallanes Village Makati.,483,408,1,3,3,110011000
Under Renovated House for Sale Magallanes Village Makati.,693,618,1,4,3,150011008
For Sale Magallanes Village Makati Brand New House.,813,738,1,4,3,225010000
House and Lot for Sale in Dasmarinas Village Makati.,1282,1207,1,4,5,605057024
3 Bedroom Single Attached House and Lot for Sale PHirst Park Homes Batulao Nasugbu Batangas under Century Properties.,129,54,2,3,2,2200000
Nice House for Sale in Dasmarinas Village Makati.,1223,1148,1,4,5,560321984
Urdaneta Village Makati House for Sale.,1364,1289,1,4,5,455044000
Beautiful House for Sale Urdaneta Village Makati.,1553,1478,1,4,5,553112000
Urdaneta Village Makati Bungalow Nice House for Sale.,1182,1107,1,5,5,405044992
3 Bedroom Single Attached House and Lot for Sale PHirst Park Homes Tanza Cavite under Century Properties.,129,54,2,3,2,2020000
"The Beautiful Bungalow House for Sale in Ponderosa Leaisure Farm in Silang, Cavite.",355,280,1,2,3,25500000
HOUSE AND LOT WITH SWIMMING POOL INSIDE MARIA LUISA SUBDIVISION CEBU CITY.,697,622,2,4,4,88001000
4Bedrooms House and Lot for Sale in Sun Valley Estates Antipolo.,326,251,2,4,5,24550000
For Sale Modern house in San Lorenzo Village Makati.,645,570,1,6,3,175032992
Nice House for Sale in San Lorenzo Village Makati.,596,521,1,4,3,142107008
San Lorenzo Village Makati House for Sale.,594,519,1,3,3,165012000
3 Bedroom Single Attached House and Lot for Sale PHirst Park Homes Lipa Batangas under Century Properties.,129,54,2,3,2,1800000
House and Lot for Sale in Tanza Cavite by PHirst Park Homes.,115,40,2,2,1,2000000
House and Lot for Sale in General Trias Cavite by PHirst Park Homes under Century Properties.,115,40,2,2,1,2000000
House and Lot for Sale in PHirst Park Homes Naic Cavite.,115,40,2,2,1,1700000
House and Lot for Sale in Calamba Laguna by PHirst Park Homes under Century Properties.,115,40,2,2,1,1960000
2 Bedroom House and Lot For Sale.,159,84,2,2,1,4300000
For Sale Modern house in San Lorenzo Village Makati.,645,570,1,6,3,175032992
Old House for Sale San Lorenzo Village Makati.,537,462,1,3,3,125043000
Nice House for Sale in San Lorenzo Village Makati.,596,521,1,4,3,142107008
San Lorenzo Village Makati House for Sale.,594,519,1,3,3,165012000
Magallanes Village Makati Nice Modern House for Sale.,504,429,1,4,3,125023000
Magallanes Village Makati House for Sale.,700,625,1,5,3,185011008
Renovated House for Sale Forbes Park Makati.,1575,1500,1,5,6,755054976
Nice House for Sale in Forbes Park Makati.,1473,1398,1,4,5,655011008
Dasmarinas Village Makati Old House for Sale.,1560,1485,1,4,5,527022016
Old House for Sale Urdaneta Village Makati.,1136,1061,1,4,5,370432992
"AYALA HEIGHTS, QUEZON CITY (BRAND NEW 5BR HOUSE & LOT).",135,60,1,5,5,160000000
House and lot for sale in Cavite very affordable and along national road.,120,45,2,2,1,2704573
"3 Bedrooms, Ready for Occupancy House in Ilumina Estates.",148,73,1,3,2,9352000
"HOUSE AND LOT FOR SALE in Cauayan City, Isabela | P70,000.",190075,190000,2,5,3,70000
Nice house for sale in Magallanes Village Makati.,483,408,1,3,3,110011000
Nice house for sale in Magallanes Village Makati.,483,408,1,3,3,110011000
House and lot for sale in Cavite very affordable and along national road.,120,45,2,2,1,2704573
"3 Bedrooms, Ready for Occupancy House in Ilumina Estates.",148,73,1,3,2,9352000
"HOUSE AND LOT FOR SALE in Cauayan City, Isabela | P70,000.",190075,190000,2,5,3,70000
Nice house for sale in Magallanes Village Makati.,483,408,1,3,3,110011000
Nice house for sale in Magallanes Village Makati.,483,408,1,3,3,110011000
Under Renovated House for Sale Magallanes Village Makati.,693,618,1,4,3,150011008
For Sale Magallanes Village Makati Brand New House.,813,738,1,4,3,225010000
House and Lot for Sale in Dasmarinas Village Makati.,1282,1207,1,4,5,605057024
Modern House for Sale in Dasmarinas Village Makati.,1038,963,1,8,5,455078016
TWO - STOREY AFFORDABLE HOUSES IN CABANATUAN EAST.,145,70,2,3,2,1601139
Urdaneta Village Makati Bungalow Nice House for Sale.,1182,1107,1,5,5,405044992
Nice house for sale in Magallanes Village Makati.,483,408,1,3,3,110011000
Old House for Sale in Forbes Park Makati.,1825,1750,1,4,5,595012992
Brandnew ULTRA MODERN VIP MANSION IN SOUTH FORBES 55M.,820,745,3,8,8,55000000
Old House for Sale San Lorenzo Village Makati.,537,462,1,3,3,125043000
Nice House for Sale in San Lorenzo Village Makati.,596,521,1,4,3,142107008
San Lorenzo Village Makati House for Sale.,594,519,1,3,3,165012000
Magallanes Village Makati Nice Modern House for Sale.,504,429,1,4,3,125023000
Old House for Sale Urdaneta Village Makati.,1136,1061,1,4,5,370432992
Urdaneta Village Makati House for Sale.,1364,1289,1,4,5,455044000
The Incredibly Beautiful House for Sale at Ponderosa Leisure Farm in Silang.,991,916,3,4,5,35000000
Renovated House for Sale Forbes Park Makati.,1575,1500,1,5,6,755054976
Old House for Sale Urdaneta Village Makati.,1136,1061,1,4,5,370432992
HIGH END FULLY FURNISHED OVERLOOKING HOUSE @ SOUTHHILLS SUBDIVISION - TISA.,875,800,4,6,6,45000000
FOR SALE: BRAND NEW SEMI-FURNISHED 3 BEDROOM HOUSE IN MACTAN HIGH-END SUBDIVISION.,375,300,2,4,5,18000000
CASTILLEJOS BUNGALOW HOUSE FOR SALE.,425,350,1,5,2,7500000
Best For Commercial Use - 3BR House And Lot For Sale in Mingla.,185,110,1,3,3,17000000
Dasmarinas Village House for Sale! Makati City.,575,500,1,4,4,402000000
Dasmarinas Village House for Sale! Makati City.,1075,1000,1,6,6,613500032
"The Elegant 2-Storey House with 3 Bedrooms in Tanza, Cavite (Near SM Trece).",187.5,112.5,2,3,2,4408000
Magallanes Village House and Lot for Sale! Makati City.,407,332,1,5,4,129000000
San Miguel Village House and Lot Makati City for Sale! Makati City.,575,500,1,6,4,90000000
For Sale Modern house in San Lorenzo Village Makati.,645,570,1,6,3,175032992
Nice House for Sale in San Lorenzo Village Makati.,596,521,1,4,3,142107008
5 bedroom Good Deal Brand New Portofino South House for Sale Daang Reyna Near Evia Mall.,786,711,3,5,5,85000000
3 Bedroom Model Unit ERIN in Aldea Grove Estates by Avida Land.,170,95,2,3,2,10634000
"The Newly Listed Farm Lot with 2 Houses for Sale in Amadeo, Cavite.",185,110,2,3,3,13500000
"HOUSE FOR SALE UPPER CUBI POINT, SUBIC BAY FREEPORT ZONE// FORE.",425,350,2,4,3,25000000
Elegant Lower Antipolo House and Lot for Sale Masinag Area.,275,200,2,5,4,12800000
BRAND NEW HOUSE AND LOT FOR SALE NEAR ATENEO SCHOOL CEBU.,324,249,2,4,4,25000000
Paco Manila Exclusive Townhouse enclave.,395,320,4,4,4,42320000
3BR RFO IN SILANG CAVITE BRGY. BUHO NEAR TAGAYTAY CITY | HOUSE AND LOT FOR SALE.,140,65,2,3,2,7405000
3 Bedroom Model Unit ERIN in Aldea Grove Estates by Avida Land.,170,95,2,3,2,10634000
"The Newly Listed Farm Lot with 2 Houses for Sale in Amadeo, Cavite.",185,110,2,3,3,13500000
"HOUSE FOR SALE UPPER CUBI POINT, SUBIC BAY FREEPORT ZONE// FORE.",425,350,2,4,3,25000000
Elegant Lower Antipolo House and Lot for Sale Masinag Area.,275,200,2,5,4,12800000
BRAND NEW HOUSE AND LOT FOR SALE NEAR ATENEO SCHOOL CEBU.,324,249,2,4,4,25000000
Paco Manila Exclusive Townhouse enclave.,395,320,4,4,4,42320000
3BR RFO IN SILANG CAVITE BRGY. BUHO NEAR TAGAYTAY CITY | HOUSE AND LOT FOR SALE.,140,65,2,3,2,7405000
"5 BEDROOMS 3 BATHROOMS IN AMPAYON, BUTUAN.",217,142,2,5,3,8097235
The Accessible 2-Storey Houses in Bacoor Cavite.,155,80,2,3,2,5900000
3 Bedroom House & Lot.,190,115,2,3,2,8070786
"The Remarkable Townhouse Units for Sale at Amaris Dasmarinas, Cavite.",125,50,2,2,1,1893000
DAHLIA 3 Bedroom Unit in Cabanatuan East Subdivision.,125,50,2,3,1,1601138
3 Bedroom House and Lot.,169,94,2,3,2,7638042
FOR SALE MODERN HOUSE WITH SWIMMING POOL IN AMARA SUBDIVISION.,575,500,2,6,7,35000000
The Affordable Townhouse in Pearl Residences in Tanza.,118,43,2,2,1,1600000
BACOOR CAVITE RFO SEMI-FURNISHED MODERN HOUSE @ 6.5M.,190,115,2,2,2,6500000
Private Home w/Guest & Caretaker Houses on 2Ha. min to Baguio City.,663,588,2,5,4,42000000
HOUSE AND LOT FOR SALE IN MARIA LUISA SUBDIVISION.,375,300,2,3,3,45000000
3 Bedrooms ARYA Model Unit in Aldea Grove Estates by Avida Land.,160,85,2,3,2,9298700
HOUSE FOR SALE IN CATARMAN LILOAN CEBU.,351,276,2,4,3,28000000
3 BEDROOMS READY FOR OCCUPANCY CAMELLA SILANG CAVITE HOUSE AND LOT FOR SALE.,140,65,2,3,2,7490000
HOUSE FOR SALE WITH SWIMMING POOL IN THE PEAK MONTERRAZAS DE CEBU.,492,417,3,4,4,502350016
HOUSE FOR SALE WITH SWIMMING POOL IN BANAWA CEBU CITY.,341,266,2,4,4,33000000
MODERN HOUSE WITH OVERLOOKING VIEW IN TALISAY CEBU.,417,342,3,4,3,26000000
Brand New Very Nice House and Lot for Sale in Masinag.,275,200,2,5,4,12799000
AFFORDABLE HOUSE FOR SALE IN TALISAY CITY CEBU.,455,380,3,4,4,26000000
House and Lot For Sale Avida Village Pavia Iloilo.,125,50,2,2,1,3148000
HOUSE FOR SALE IN CONSOLACION CEBU.,229,154,2,3,3,11800000
5 Bedroom House with Pool for SALE in Angeles City Pampanga.,355,280,2,5,5,17500000
Avida Village Iloilo House and Lot For Sale near Ateneo.,125,50,2,2,1,3028000
FOR SALE MODERN TRIPLEX 4BR BF RESORT LAS PINAS CITY.,242,167,2,4,3,10500000
3 bedrooms house and lot in Lancaster New City General Trias Cavite.,115,40,2,3,1,1935600
Elegant Interior House and Lot in Cainta.,331,256,2,5,3,13450000
7Br house for sale with existing tenant at 60k a Month.,275,200,3,7,5,16000000
3 Bedroom 2 Toilet and Bath.,162,87,2,3,2,7536711
"The Affordable Rent to Own Townhomes in Imus, Cavite.",120,45,2,2,1,1780000
For Sale 3- Bedroom Townhouse in Cubao Quezon City near Ali Mall.,195,120,3,3,3,12500000
RFO 5-bedroom Single Detached House For Sale By Owner in Sinagtala Village Parañaque City.,525,450,2,5,4,41500000
Property For Sale in San Juan.,218,143,4,4,5,14150000
RFO 4-bedroom High-End Duplex For Sale at AFPOVAI near The Fort BGC Taguig.,485,410,4,4,4,49800000
Taytay Rizal 5BR House and Lot For Sale.,265,190,3,5,4,10800000
3BR Cara Model | Camella Tagum Trails.,141,66,2,3,2,4970738
For Sale 2-Storey Townhouse in Novaliches Quezon City Brgy San Agustin.,180,105,2,3,3,6000000
Pre- Selling Townhouse in Project 8 Quezon City.,195,120,3,4,3,6500000
Bel Air 3 House for Sale!.,775,700,1,3,3,230000000
MOVE-IN READY Townhouse near SM Sucat via C-5 road extension.,169,94,2,2,2,4990000
Guaranteed 100% No Flood! RFO Lower Antipolo House and Lot for Sale.,265,190,2,4,4,8250000
"4 BEDROOMS 3 BATHROOMS IN VILLA KANANGA, BUTUAN.",160,85,2,4,3,6957290
Brand New Single Attached Modern Elegant House and Lot in Cainta.,293,218,2,5,4,13450000
Move-in Ready Cubao QC Townhouse.,211,136,3,3,3,11800000
2 Storey House and Lot in Camella Provence Malolos Bulacan near CEU and Vista Mall.,141,66,2,3,2,3500000
AMAIA Scapes San Pablo Laguna - 5% DP to Move in!.,103,28,1,2,1,1700000
ELLA MODEL FOR SALE @ CAMELLA TAGUM TRAILS.,175,100,2,5,3,6475780
RFO House and Lot for Sale in Antipolo City.,158,83,2,4,2,4000000
"Amaia Scapes San Pablo Laguna - 5% DP(70k) to Move In or 10% Installment DP at 10,500 Pesos per month.",100,25,1,2,1,1400000
READY FOR OCCUPANCY - 2 STOREY HOUSE AND LOT WITH SUPERB INTERIOR.,293,218,2,6,4,13450000
RFO 4-bedroom Duplex / Twin House For Sale in AFPOVAI Taguig City near BGC and McKinley West.,485,410,4,4,4,48800000
RFO 5-Bedroom Single Detached House for sale in BF International Village Las Pinas.,443,368,2,5,5,27500000
Affordable QC Novaliches Townhouse near NLEX - Mindanao link.,164,89,2,3,2,4700000
House and Lot for Sale in Greenwoods Pasig.,335,260,2,4,4,17500000
RFO 3-bedroom Single Detached House For Sale in Parkplace Village Imus Cavite.,244,169,2,3,3,8600000
"5 BEDROOMS 3 BATHROOMS IN LUMBIA, CDO.",218,143,2,5,3,11939382
HOUSE AND LOT FOR SALE: 2-STOREY 5 BEDROOMS.,241,166,2,5,3,11939382
5 Bedrooms House and Lot In Exclusive Subdivision In Angeles !!.,385,310,2,5,5,25500000
RFO 4-bedroom Single Detached House For Sale in Parkplace Village Anabu Imus Cavite.,333,258,2,4,3,11200000
Premium 2 Bedroom / 2 Toilet and Bath House in Batangas.,155,80,2,2,2,3293177
"3 BEDROOMS HOUSE AND LOT IN VILLA KANANGA, BUTUAN.",141,66,2,3,2,6001725
3 bedrooms House and lot in Talamban.,125,50,2,3,2,4574700
"CORNER LOT, OVERLOOKING AND SEMI-FURNISHED 3 BEDROOM HOUSE INSIDE PACIFIC HEIGHTS SUBDIVISION, BULACAO PARDO, CEBU CITY.",240,165,2,3,5,10500000
For Sale Ayala Alabang Village House and Lot with swimming pool.,491,416,1,4,5,189400000
4 STOREY HOUSE WITH ELEVATOR PLUS OVERLOOKING VIEW TO CEBU CITY.,875,800,4,6,6,45000000
3BR East Fairview Townhouse For Sale 4.8M.,155,80,3,3,3,4800000
Golf Property House and Lot for Sale in Silang near Sta.Rosa.,240,165,2,3,3,14600000
4BR Townhouse for sale in Tandang Sora near Commonwealth Quezon City House and Lot.,260,185,3,4,4,11500000
House and Lot For Sale in Batulao Nasugbu Batangas.,120,45,1,2,1,4318763
AFFORDABLE HOUSE IN GUADALUPE CEBU CITY.,275,200,3,5,4,16900000
RFO 3-bedroom Single Detached House For Sale in Dasmariñas Cavite.,200,125,2,3,3,7900000
"House and lot, Montefaro West Village.",255,180,2,3,2,4000000
4 bedrooms duplex in Banawa Cebu City.,208,133,2,4,3,15005000
The 2-Storey House near Alabang Business Centers.,175,100,2,3,2,7100000
Brand New House at Antel Grand Village 30mins (21Kms) to MOA.,230,155,2,4,3,9800000
RFO Spacious House and Lot for Sale in Quezon City.,475,400,2,5,6,26300000
The Very Spacious 2 Storey House for Sale in Pramana Residential Park Residences in Laguna.,325,250,2,5,5,19000000
Move-in Ready Project 8 QC Townhouse near EDSA - Congressional Ave..,229,154,3,3,3,12000000
House and Lot(Single Detached) Townhouse(Under CCT which foreigners can avail) Residential Lot Commercial Lot Ready For Occupancy Single Homes #exclusivegatedsubdivision #highendgatedsubdivision #highendhouseandlotingatedsubdivision #readyforoccupancyhous.,315,240,2,5,5,39000000
HOUSE AND LOT FOR SALE: 2-STOREY 3 BEDROOMS.,141,66,2,3,2,4835285
5 Bedroom Smart Home House and Lot for Sale in Antipolo.,328,253,2,5,5,14500000
"READY FOR OCCUPANCY UNIT in Tuguegarao City, Cagayan | P50,000.",170075,170000,2,2,2,5410000
BEST DEAL!!! BRAND NEW FULLY FURNISHED AND WITH LAP POOL SOPHISTICATES MODERN TWO-STOREY HOUSE FOR SALE NEAR SM TELABASTAGAN.,327,252,2,4,4,14900000
"Ready For Occupancy in a Flood Free AREA - 3BR Single House Near Hospital, School ???? Single Home 60 @ Cabuyao Ayala Brand.",135,60,2,3,1,4100000
"PRE-SELLING 4 BEDROOM 2 STOREY SINGLE DETACHED HOUSE IN BANAWA, CEBU CITY.",373,298,2,4,3,37339920
"House and Lot For Sale in Dasmarinas Village, Makati City.",1516,1441,2,4,5,576400000
House and Lot for Sale in Greenwoods Taytay Cainta Pasig near C6 Road to BGC Taguig Makati Libis Ortigas.,560,485,3,7,7,25000000
"For Sale! RFO Modern house at M Residences, Acacia Estates, Taguig City.",545,470,4,4,4,51000000
4 bedrooms single detached in Talamban cebu city.,271,196,2,4,4,11183500
"FOR SALE: Duplex House and Lot in BF Resort Village, Las Pinas.",335,260,2,5,5,16000000
The Newly Listed 2 Storey House with 3 Bedrooms in Solviento Villas in Bacoor Cavite.,143,68,2,3,2,5709000
"The Awesome 2-Storey House in Danarose, Bacoor.",143,68,2,3,2,4574000
RFO 4-Bedroom Luxury Townhouse for sale in San Juan City near Greenhills.,465,390,5,4,5,49800000
Subic House For Sale CAMELLA HOMES.,218,143,2,5,3,9900000
"Duplex For Sale in Ortigas Ext. Cainta, Rizal.",125,50,2,2,2,4055000
"Pre Owned House and Lot for Sale in Marikina , Well Maintained Flood Free even Ulysses.",275,200,2,4,3,6000000
101% Flood Free House and Lot for Sale in Marikina with BIG ROOFDECK RFO Ready for Occupancy.,361,286,2,4,4,15000000
Sun Valley 386sqm Lot for Sale in Antipolo City.,461,386,1,,,6562000
House and Lot with Swimming Pool in Marikina near Katipunan Ateneo Ready for Occupancy RFO.,391,316,3,3,5,29700000
"ready for occupancy 2bedrooms house and lot in calamba ,Laguna.",128,53,2,2,2,4929000
"Single House and Lot for Sale in WestFairview Quezon City near Dahlia , Regalado and Commonwealth.",315,240,2,4,4,17000000
NEW FURNISHED 4 BEDROOM HOME IN MANDAUE.,324.5,249.5,2,4,5,25000000
RFO 4-Bedroom House and Lot for sale in Pacific Parkplace Village Dasmarinas Cavite.,275.33,200.33,2,4,3,9350000
RFO 4-Bedroom Single Detached House and Lot for sale in Pacific Parkplace Village Dasmarinas Cavite.,293.67,218.67,2,4,3,9850000
Affordable House and Lot by PHIRST PARK HOMES -CALISTA END.,115,40,2,2,1,1800000
"Townhouse for sale at CITADEL ESTATES in Cotcot, Liloan Cebu.",141,66,2,3,2,3523520
The Inspiring 2-Storey House for Sale at Danarose along New Molino Boulevard.,173,98,2,3,2,5925000
"The Beautiful 2 Storey House with 3 Bedrooms in Tanza, Cavite via Cavitex.",158,83,2,3,2,5700000
Pre Selling Duplex House and Lot for Sale in Antipolo.,203,128,2,3,3,6200000
Large 7 Bedroom House for Sale in Maria Luisa Park.,2275,2200,1,7,8,150000000
"5bedrooms Single Detached in Talisay City , Cebu.",401,326,2,5,5,26000000
House at Ponticelli Daang Hari.,224,149,1,3,3,18000000
Head Turner - Instagramable 3 storey 3Bedroom House and Lot for sale.,275,200,3,3,3,8800000
Brand New House and Lot for Sale in Butuan City.,131,56,1,3,2,2800000
Large 7 Bedroom House for Sale in Maria Luisa Park.,2275,2200,1,7,8,150000000
"Brgy Sto Cristo, Bago Bantay, Quezon City House & Lot for Sale.",266,191,2,3,2,15500000
Heroes Hill Quezon City Townhouse For Sale.,435,360,4,5,5,36000000
High End House and Lot for Sale in QC Quezon City Inside Subdivision 24/7 Gated and Guarded with Roving Guards.,575,500,2,6,7,47000000
"The Captivating House and Lot with Parking in Danarose, Molino.",164,89,2,3,2,5925000
SUMMER PROMO AVAIL our 95K DISCOUNT Promo !️????️ PROMO ???? RE-OPEN 2BR SINGLE ATTACHED UNITS near Town Proper.,131.25,56.25,2,3,1,3100000
"Ready for Occupancy House and Lot For Sale in Quezon City Ferndale Villas by: Alveo Ayala Land near FEU Diliman, UP Diliman.",245,170,3,4,4,25000000
"BEAUTIFUL HOUSE FOR SALE IN MAGALLANES VILLAGE, MAKATI.",875,800,2,3,3,185000000
"READY FOR OCCUPANCY UNIT in Cauayan City, Isabela | P15,000.",190075,190000,2,2,1,1768000
"Overlooking Duplex House and Lot for Sale in Taytay Monteverde Royale , City View.",207,132,3,4,3,10800000
4 Bedroom House for Sale in Maria Luisa Park.,475,400,1,4,4,52000000
House and Lot for Sale in Mission Hills Havila Antipolo with Elegant Interior Design and with CCTV.,303,228,2,4,3,13500000
MODERN HOUSE DESIGN IN UPTOWN CDO for SALE.,195,120,2,4,3,100000
"The Amazing Farm Lot with 2 Structures for Sale in Amadeo, Cavite.",205,130,2,3,3,13000000
The 2 Storey Chicago Model for Sale in Terrazo Vineyard in Cavite.,141,66,2,3,2,4500000
"The 2-Storey 6 Bedroom House for Sale in Calumpang Cerca, Indang, Cavite.",295,220,2,6,4,7000000
"READY FOR OCCUPANCY UNIT in Cauayan City, Isabela | P15,000.",190075,190000,2,2,1,1846000
"Two (2) Bedrooms House For Sale in Binangonan, Rizal | Ready for Occupancy.",128,53,2,2,2,5587000
RFO 3-Bedroom Single Detached House for sale in Pacific Parkplace Village Dasmarinas Cavite.,284.97,209.97,2,3,2,9250000
"The New 2 Storey House with 3 Bedrooms and Parking in Bacoor, Cavite.",156,81,2,3,2,6900000
Elegant House and Lot for Sale in Rancho Marikina Flood Free even Ondoy and Ulysses near Marcos Highway RFO Ready for Occupancy.,319,244,2,4,4,12900000
"Ready To Occupy House in GENSAN, as low as 9,800 monthly. Inquire Now.",99,24,1,,1,950000
5br House and Lot for Sale Along Daang Hari Road Php620k to Move-in! near Villar Land Evia Lifestyle Center Alabang & Las Pinas.,185,110,2,5,3,12720500
3 Bedroom Single Detached House in Batangas City.,196.65,121.65,2,3,2,4971887
"Better than a Condo Unit, Affordable 2 Storey House and Lot in Cainta.",135,60,2,2,2,4150000
FOR SALE 3 Bedroom House and Lot in Avida Greendale Alviera.,142,67,1,3,2,8200000
"The Affordable Furnished House for Sale in Dasmarinas, Cavite.",255,180,2,4,3,5300000
6BR HOUSE WITH POOL FOR SALE TRECE MARTIRES CAVITE.,825,750,3,6,7,15000000
House and Lot For Sale in Talon 4 Las Pinas.,215,140,3,4,3,7500000
Recently Built Golf Property with Perfect View of the Golf Course in Silang near Tagaytay.,240,165,2,3,3,14600000
House and Lot Townhouse for Sale in Marcos Highway Vermont Park Subd.,265,190,2,4,4,9800000
Large 7 Bedroom House for Sale in Maria Luisa Park.,2275,2200,1,8,7,150000000
House and Lot For Sale in Lipa Batangas.,163,88,2,4,2,3753144
5 Bedroom Spacious House for Sale in North Town Homes.,875,800,1,5,6,130000000
House and Lot for sale in Silang.,140,65,2,3,2,6956000
"15% DOWNPAYMENT Ready for Move-in Golf Course View House for Lease in Silang, Cavite.",200,125,2,2,2,11400000
Golf Course View House for Sale in Silang Cavite few kilometeres away to Tagaytay.,240,165,2,3,3,14600000
House and Lot Townhouse for Sale in Marikina near Marcos Highway Flood Free even Ondoy and Ulysses.,275,200,3,4,4,7500000
House and Lot Townhouse for Sale in Paco Manila near Malacanang Palace.,374,299,3,5,5,42800000
"Php 1.5M Downpayment thru Bank Financing, House for Sale in Ilumina Estates Davao City.",224,149,2,4,3,1500100
Brand New Modern Industrial 2 Storey Single Detached House and Lot in Filinvest East.,330,255,2,4,4,20000000
15% DP Ready for Move-in with READY RENTAL INCOME House and Lot for Sale Inside a Golf Community Ideal for Philippine Retirement in Silang near Tagaytay.,198,123,2,2,2,11400000
"Overlooking New Model House and Lot at Pitalo, San Fernando Cebu.",123,48,1,3,2,3388000
"Modern Contemporary House and Lot in Ayala Westgrove Heights, Silang, Cavite.",900.53,825.53,2,5,5,120000000
"10% LOW DOWNPAYMENT Commercial Residential Modern 3 Storey House and Lot Townhouse for sale in Project 4 Cubao, Quezon City.",235,160,3,4,4,13000000
FOR SALE HOUSE AND LOT 2 BEDROOMS READY TO OCCUPY IN NARRA PARK BUHANGIN NEAR DOWTOWN.,145.91,70.91,1,2,1,5298890
Spacious 3 Bedroom House in Corner Lot San Pascual Batangas.,260,185,2,3,3,6000000
Spacious 3 Bedroom House in Corner Lot San Pascual Batangas.,260,185,2,3,3,6000000
FOR SALE Ready to Move In Brand New Well Designed Duplex in Kapitolyo Pasig.,425,350,4,5,5,32000000
3 BEDROOMS READY FOR CONSTRUCTION IN BUTUAN CITY.,141,66,2,3,2,6001725
CARMELA UNIT 3 BEDROOMS HOUSE AND LOT FOR SALE.,140,65,2,3,2,6716000
House and Lot for Sale in Greenwoods Taytay Cainta Pasig near C6 Road to BGC Taguig Makati Libis Ortigas.,275,200,2,4,4,15500000
"Golf Property with a Perfect View of the Golf Course in Silang, Cavite few kilometers away to Tagaytay.",240,165,2,3,3,14600000
Recently Built House and Lot for Sale in Silang near Tagaytay w/ fabulous Golf Course View.,240,165,2,3,3,14600000
"HOUSE AND LOT FOR SALE IN CORON, PALAWAN.",149.5,74.5,2,3,2,5890000
Recently Built with READY RENTAL INCOME House and Lot for Sale in Silang near Tagaytay w/ fabulous Golf Course View.,240,165,2,3,3,14600000
3 Bedroom House and Lot for Sale in a Golf Community in Silang near Tagaytay w/ fabulous Golf Course View.,240,165,2,3,3,14600000
Affordable house in Bacolod City ready for occupancy Camella Arielle Inner Unit only 50k downpayment for move in.,111,36,2,2,1,2464000
4 bedroom single detached house and lot for sale in Ashana Coast Catarman Liloan Cebu.,230,155,2,4,3,11656000
The Magnificent 2-Storey House for Sale in Beautiful Alabang West.,562,487,2,4,5,55837000
AFFORDABLE HOUSE AND LOT FOR SALE IN CEBU CITY.,525,450,2,5,4,32000000
"15% DOWNPAYMENT Ready for Move-in with READY RENTAL INCOME 2 Bedroom House for SALE with Golf Course View in Silang, Cavite.",198,123,2,2,2,11400000
Townhouse For Sale in Phirst Park Batulao.,115,40,2,2,1,4036398
"15% DP Ready for Occupancy with READY RENTAL INCOME 2 bedroom Villa near the Fairway in Silang, Cavite.",198,123,2,2,3,11400000
LUXURY FIVE BEDROOM HOUSE WITH POOL FOR SALE.,355,280,2,5,5,17500000
TWO STOREY HOUSE WITH 6 BEDROOMS AND SWIMMING POOL IN 1225SQM LOT P37MN.,1875,1800,2,6,6,37000000
Affordable 4br House and Lot for Sale in Bacoor Cavite Ready for Occupancy 1.6M to move-in! Flood Free Area.,173,98,2,4,3,7000000
Single Detached House and Lot for Sale in Antipolo City Marcos Highway.,206,131,2,3,2,6400000
10% DP Single House and Lot for Sale in Mira Valley Havila Antipolo near San Beda College of Taytay.,167,92,2,4,3,9953400
3BR HOUSE AND LOT FOR SALE IN SILANG CAVITE NEAR TAGAYTAY.,141,66,2,3,2,5412000
RFO 4BEDROOMS BRAND NEW DUPLEX FOR SALE MODERN DESIGN NEAR C6 ROAD ACCE TO QC CUBAO MARIKINA.,230,155,2,4,3,9700000
"4 Bedroom Log House at Woodlands Point, Tagaytay Highlands.",375,300,2,4,5,75000000
RFO BRAND NEW HOUSE AND LOT NEAR C6 ROAD SM SAN MATEO MALLS ACCE TO QC CUBAO MARIKINA.,168,93,2,3,3,7500000
Avida Parkway Settings Nuvali nearby Taal Elementary School.,164,89,1,3,2,7078669
3BR PRE-SELLING IN SILANG CAVITE.,147,72,2,3,2,6372000
Duplex House and Lot in Antipolo near Sumulong Highway and Circumferential Road.,208,133,2,3,3,6500000
The Awesome Resale House near Alabang Area.,315,240,1,4,3,13000000
"Brand New House For Sale in Bel Air Village 1, Makati City.",600,525,1,4,4,260000000
"3 BEDROOMS RFO UNIT IN BRGY. ADLAS, SILANG, CAVITE.",141,66,2,3,2,5461000
BRAND NEW HOUSE WITH POOL INSIDE GOLF COMMUNITY IN CAVITE FOR SALE.,665,590,3,4,4,45000000
Pre Selling Single Attached House and Lot for Sale in Antipolo.,157,82,2,3,2,7700000
"The New 4 Bedroom Duplex for Sale in Katarungan Village, Muntinlupa City.",225,150,3,4,3,7300000
"THE 3 BEDROOM HOUSE with Parking in BENEDETTO RESIDENCES, LAS PINAS CITY.",174,99,3,3,2,6700000
Averdeen Estates Nuvali 2-Storey House and Lot For Sale near Sta. Rosa Laguna.,173,98,2,3,2,12613000
"AFFORDABLE READY FOR OCCUPANCY SINGLE ATTACHED IN SUMULONG HIGHWAY UPPER ANTIPOLO NEAR CLOUD 9, STARBUCKS SUMULONG HIGHWAY.",263,188,2,4,3,8900000
5 BEDROOMS 3 BATHROOMS IN CAMELLA PRIMA BUTUAN.,217,142,2,5,3,8097235
"AFFORDABLE READY FOR OCCUPANCY SINGLE ATTACHED IN SUMULONG HIGHWAY UPPER ANTIPOLO NEAR CLOUD 9, STARBUCKS SUMULONG HIGHWAY.",263,188,2,4,3,8900000
5 BEDROOMS 3 BATHROOMS IN CAMELLA PRIMA BUTUAN.,217,142,2,5,3,8097235
THE 4 BEDROOM HOUSE FOR SALE with PARKING IN CAVITE.,145,70,2,3,3,5000000
"House and Lot for Sale in C Raymundo Pasig near Ortigas , Libis , C5 Road.",337,262,2,6,5,22000000
"Brand New Modern House and Lot in Lower Antipolo, Accessible and Flood Free.",335,260,2,5,4,12800000
FS: Brand New Duplex House at Monteverde Royale Phase 3.,265,190,3,4,3,10800000
READY FOR OCCUPANCY SINGLE DETACHED HOUSE AND LOT.,172,97,2,3,3,9000000
15% DP Ready for Move-in Retirement homes with READY RENTAL INCOME in a fresh and cool environment few minutes away to TAGAYTAY.,198,123,2,2,2,11400000
Near SLEX & MALLS /Establishments 2BR SINGLE ATTACHED UNITS ✨PROMO PROMO ???? AVAIL Our 95K DISCOUNT SUMMER PROMO.,131.25,56.25,2,3,1,3100000
RFO House in Sta. Clara Subdivision Bacolod.,475,400,2,4,4,14000000
3BR Chopin House & Lot for Sale in Taytay Rizal - Amarilyo Crest in Havila.,188,113,2,3,3,13400000
RFO Marikina House and Lot for Sale Vicinity Rancho Estate Area.,315,240,2,4,5,11500000
"On-Going Construction Spacious 4 Bedroom 2 Storey Single Detached House in Talamban, Cebu City.",271,196,2,4,4,11183500
"Affordable RFO Townhouse in Upper Antipolo, Walking Distance to Antipolo Cathedral.",162,87,2,3,2,4686000
PrincessVille Digos | Housing Loan Offer with 20% DP 2years to pay.,171.5,96.5,2,3,2,3900000
RFO 6BEDROOMS BRAND NEW SINGLE DETACHED FOR SALE NEAR LRT STATION SM MASINAG MALLS HOSPITAL SCHOOLS.,335,260,2,6,4,15800000
"Spacious 3-BR House and Lot for Sale in Bulakan, Bulacan near Soon to Rise New Manila International Airport and PNR (Tutuban - Malolos - Clark).",141,66,2,3,2,5767000
"5 BEDROOM HOUSE WITH COVERED ROOF DECK FOR SALE AT METRO SOUTH EXECUTIVE VILLAGE, GEN. TRIAS, CAVITE.",765,690,2,5,5,18000000
The Dazzling 3-Storey House with 3 Bedrooms and Parking in Paranaque.,310,235,3,3,3,12900000
TROPICAL MODERN BROOKLYN INSPIRED HOUSE IN ANGELES PAMPANGA NEAR MARQUEE MALL.,265,190,2,4,3,11200000
FOR SALE Brand New Muji Inspired Duplex in AFPOVAI Taguig.,485,410,3,4,4,48800000
Overlooking Community Antipolo House and Lot for Sale.,147,72,2,3,2,3150000
Overlooking Community Antipolo House and Lot for Sale.,147,72,2,3,2,3150000
House for sale in Bacolod only 63k pesos for move in.,115,40,2,2,1,3150000
brand new house and lo in talisay cebu.,302,227,2,4,4,15000000
End-user's Design Brand New House for Sale in Vista Real Classica.,955,880,4,7,7,58000000
Single Detached House and Lot for Sale in Sunvalley Antipolo along Marcos Highway.,375,300,3,5,6,18000000
Beautiful Homes For Sale House and Lot Near Enchanted Kingdom Sta Rosa Laguna 4 bedrooms 2 Floors Furnished everyroom with Airconditioning.,243,168,2,4,2,8500000
RFO BRAND NEW SINGLE DETACHED WITH 3BEDROOMS NEAR C6 ROADS SM SAN MATEO MALLS ACCE. TO QC CUBAO MARIKINA.,195,120,2,3,3,8900000
RFO FLOOD FREE 3BEDROOMS TOWNHOUSE NEAR ROBINSON PLACE COGEO MARKET.,164,89,2,3,3,4550000
"Near East avenue, Quezon City. Brand new townhouses.",288,213,3,3,4,15300000
The Stunning 3 Bedroom House in Lancaster via Cavitex.,135,60,2,3,2,2300000
BAGONG LIPUNAN NG CRAME QC 2-STOREY 3-BEDROOMS 2-PARKING.,320,245,2,3,3,26800000
House and Lot for Sale in Dasmarinas Preselling near La Salle University & SM Dasma.,173,98,2,3,2,8732000
The Affordable 3 Bedroom Townhomes with Parking via Cavitex.,115,40,2,3,2,1800000
NEW MODERN HOME HOUSE FOR SALE WITH CORNER LOT NEAR SM TELABASTAGAN.,236,161,2,3,2,11800000
"3BR RFO (Lipat Agad) House and lot for sale in Brgy. Buho, Silang, Cavite.",140,65,2,3,2,7758000
"Brand new townhouse / House and lot for sale in Horseshoe Village Quezon City near San Juan City and New Manila, Robinsons magnolia.",575,500,5,4,6,57000008
"4 bedroom house and lot for sale near Timog Avenue, Quezon City.",465,390,4,4,6,36000008
"NEW RFO 2-STOREY 3BR CORNER HOUSE & LOT (SINGLE-ATTACHED HOUSE TYPE) IN MULTINATIONAL VILLAGE - MOONWALK, PARANAQUE CITY NEAR NAIA - C-5 ROAD EXTENSION SUCAT - OLIVAREZ HOSPITAL - SM CITY SUCAT.",204.7,129.7,2,3,3,10500000
THE ALTHEA RESIDENCES with 3 Bedrooms and Parking VIA MAMPLASAN EXIT.,152,77,2,3,2,5952000
Lapu lapu 3 bdrms house and lot with swimming pool.,875,800,2,4,3,23000000
3 Bedroom Duplex House For Sale in Talamban Cebu City.,168,93,1,3,1,5653541
"THE GRAND 3 BEDROOM HOUSE FOR SALE in Binan, Laguna near CALAX.",152,77,3,3,2,5900000
3 Bedrooms House and Lot in Tagum City.,141,66,2,3,2,5648822
House and Lot for Sale in Dasmarinas Preselling near La Salle University & SM Dasma.,190,115,2,4,3,9462000
"10% off for Ilumina Estates Ready for occupancy house, Bank financing accepted.",172,97,1,3,2,8416800
Brand New 4 Bedroom Duplex in Flood Free Marikina Area.,319,244,2,4,4,12900000
"Ready For Occupancy and Preselling 4 Bedroom House and Lot for Sale in Lapu-lapu City, Cebu near Beach Resorts.",183,108,2,4,2,5879344
"PRE-SELLING SPACIOUS 4 BEDROOM HOUSE IN PASEO ARCENAS, BANAWA, CEBU CITY.",208,133,2,4,3,15005000
3BEDROOMS / 2TOILET AND BATH WITH CARPORT NEAR MUNICIPAL OF TALISAY.,175,100,2,3,2,7613695
#houseandlotforsalephnearSMClark #houseandlotinpampangaforsale #forsalehouseandlotinAngelescity #nearClarkairporthouseandlotforsale.,205,130,2,4,2,4671940
Pre- Selling 4 Bedroom House and Lot in Cebu City.,288,213,2,4,4,13500000
7 BEDROOM HOUSE FOR SALE TAGAYTAY MIDLANDS - TAGAYTAY HIGHLANDS.,1047,972,2,7,7,63000000
2 Storey House and Lot near SM Baliuag by Century Properties! Hurry!! Hot cake Selling Properties! Invest Now.,115,40,2,2,1,3194592
2BR Single HOUSE '82 NA MALAPIT SA TAGAYTAY 10 MINUTES ONLY @ Silang Cavite.,157,82,2,2,2,4090900
AMAIA Scapes TRECE 8k per month Townhouse Pre Selling INTRODUCTORY Price.,125,50,2,2,1,2000000
"2 Storey House and Lot for Sale in Tandang Sora Quezon City Near Visayas Avenue and Congressional Extension, UP TechnoHub.",262,187,3,3,4,11500000
For Sale: 5BR Elevated House in Dasmarines Village Makati.,1711,1636,1,5,5,600000000
For Sale: Brand New House 3 Bedroom Mahogany Place 1.,375,300,1,3,3,32000000
"Pre Selling Elegant House and Lot for Sale in Antpolo Under Construction , ALL IN NO Hidden Charges.",438,363,2,5,4,15000000
"SOLD | Beautiful, fully renovated, 3br house for sale davao city.",153,78,1,3,2,3750000
Nice corner house for Sale in Portofino Heights.,525,450,2,3,3,43000000
Magallanes Village House for Sale! Makati City.,696,621,1,6,6,160000000
"Pre Selling Elegant House and Lot for Sale in Antpolo Under Construction , ALL IN NO Hidden Charges.",438,363,2,5,4,15000000
"SOLD | Beautiful, fully renovated, 3br house for sale davao city.",153,78,1,3,2,3750000
Nice corner house for Sale in Portofino Heights.,525,450,2,3,3,43000000
Magallanes Village House for Sale! Makati City.,696,621,1,6,6,160000000
HOUSE AND LOT FOR ASSUME/SALE 2 BEDROOMS READY TO MOVE IN AT CAMELLA CERRITOS MINTAL.,121,46,2,2,1,2800000
FOR SALE! 3BR House at Bel-Air Village 2.,495,420,2,3,3,145000000
Beautiful mansion FOR SALE in Ayala Alabang Muntinlupa City.,1125,1050,2,4,4,169000000
House and Lot For sale along Daang Hari.,242.94,167.94,2,4,3,9100000
FOR SALE FURNISHED HOUSE WITH HUGE GARDEN IN CONSOLCION CEBU.,325,250,2,3,3,28001000
FOR SALE Modern Owner Lived House in Hillsborough Alabang.,650,575,2,3,3,47000000
House and Lot with Fabulous Golf Course Views in Silang close by Tagaytay.,240,165,2,3,3,14600000
"4 bedrooms House and lot with swimming pool for sale in Heroes Hill , Quezon City.",465,390,4,4,6,36000008
Residential or Commercial House and Lot along Main Road of Greenwoods Taytay near Pasig Gate.,355,280,2,6,6,22000000
"4bedrooms house and lot for sale in lapu lapu city,cebu.",298,223,2,4,3,7637360
House and Lot Townhouse for Sale in Commonwealth QC near East fairview.,195,120,2,4,3,8500000
"3 BEDROOM HOUSE FOR SALE IN MAHOGANY PLACE, TAGUIG.",375,300,1,3,4,32000000
Near SLEX 2BR SINGLE ATTACHED UNITS PROMO PROMO ????v AVAIL our 95K DISCOUNT SUMMER PROMO with RE-OPEN UNITS ???? ✨ ????️.,131.25,56.25,2,3,1,3100000
1 storey single detached ready for occupancy.,120,45,1,2,1,4207000
Brand New Elegant 2-Storey House & Lot For SALE in Angeles City near CLARK FREE PORT ZONE.,355,280,2,5,6,17500000
"HOUSE AND LOT FOR SALE in Santiago City, Isabela | P50,000.",104075,104000,2,2,2,50000
Near Town Proper 2BR SINGLE ATTACHED UNITS PROMO PROMO ????v AVAIL our 95K DISCOUNT SUMMER PROMO with RE-OPEN UNITS.,131.25,56.25,2,3,1,3100000
2BR SINGLE ATTACHED UNITS near Town Proper PROMO PROMO ????v AVAIL our 95K DISCOUNT SUMMER PROMO with RE-OPEN UNITS.,117.5,42.5,2,2,1,2400000
"HOUSE AND LOT FOR SALE in Santiago City, Isabela | P40,000.",104075,104000,2,2,1,4076000
House and Lot Townhouse in Marikina Ready for Occupancy Flood Free.,231,156,3,4,3,8800000
House and Lot for Sale in Dasmarinas Cavite Preselling near La Salle & SMHouse and Lot for Sale in Dasmarinas Cavite Preselling near De La Salle University SM Dasma Tagaytay Carmona & Biñan.,217,142,2,5,3,12132000
BRAND NEW HOUSE FOR SALE AT THE ORCHARD GOLF AND COUNTRY CLUB.,375,300,2,5,5,36000000
For Assume Ready for Occupancy Serenis south 600k can be paid for 6 months.,140,65,2,4,3,5427433
RFO 5-Bedroom Single Detached House For Sale or For Rent at BF International Village Las Pinas City.,450,375,2,5,5,30000000
Tastefully Remodeled 3 Bedroom House in Verdana Daang Hari near Alabang.,425,350,2,3,4,29000000
MODERN SPANISH HOUSE AND LOT FOR SALE IN LIPA CITY.,443,368,2,6,4,15000000
BRAND NEW MODERN TROPICAL TWO-STOREY HOUSE FOR SALE NEAR MARQUEE AND NLEX.,265,190,2,4,3,11000000
5BR House and Lot in Horseshoe Village QC For Sale.,558,483,5,5,6,37800000
Rent To Own Housing in Deca Homes Talomo Davao | Low Cost and Affordable Houses for Sale in Davao City.,110,35,1,2,1,2483000
2BR Modern Designed and Durable homes that is Affordable to the working Filipino in a Secure and Gated communit.,125.2,50.2,2,2,1,2350000
READY FOR OCCUPANCY 2 BEDROOM HOUSE AND LOT.,165,90,2,2,2,4232681
"Affordable condo for sale in Canduman, Mandaue City, Cebu.",164.73,89.73,2,4,2,7790000
"2 Storey House and Lot For Sale in Dasmariñas Village, Makati (4 Bedroom).",875,800,2,4,4,550000000
BEACH HOUSE FOR SALE IN NEGROS ORIENTAL.,2075,2000,1,3,2,22000000
"2 Storey House and Lot, near almost all transportation hub going to Business centers.",201,126,2,3,3,7450000
LOW DP 10% ONLY! 2 Car Garage Commercial Residential House and Lot For Sale in Project 4 Cubao near Alimall SM EDSA Araneta MRT Station Katipunan Commonwealth New Manila Ortigas Townhouse Quezon City.,235,160,4,4,4,13000000
2-Storey Single-Attached House • NO FAULT LINE & FLOOD FREE • NEAR to all your needs !! • COMPLETE turn over !!.,177.42,102.42,2,2,1,4299613
House in Cavite 3 bedroom Vermosa daang hari.,142,67,2,3,2,8605000
"Preselling House for sale in Dumagete, Brgy Cantil-E.",217,142,1,5,3,7485298
Avail thru PAG IBIG Fund 2BR Modern Designed and Durable homes that is Affordable to the working Filipino.,125.2,50.2,2,2,1,2300000
2BEDROOMS NON READY FOR OCCUPANCY IN GENERAL TRIAS CAVITE.,115,40,2,2,1,3264000
Avail thru PAG IBIG Fund 2BR Modern Designed and Durable homes that is Affordable to the working Filipino.,125.2,50.2,2,2,1,2300000
2BEDROOMS NON READY FOR OCCUPANCY IN GENERAL TRIAS CAVITE.,115,40,2,2,1,3264000
Kediaman 5 Two-Storey House and Lot With Lower Ground Floor in Crystal Dale Subdivision.,451,376,4,3,4,25465000
AFFORDABLE SINGLE ATTACHED IN TAYTAY RIZAL WITH 20% DOWN-PAYMENT.,164.8,89.8,2,3,2,4280000
Affordable House and Lot For Sale in Tanza Cavite Complete Turnover Unit.,165,90,2,3,2,5377385
Single Attached 3 Bedroom High Ceiling Bungalow.,150,75,1,3,2,5100000
Single Attached 3 Bedroom High Ceiling Bungalow.,150,75,1,3,2,5100000
"House and Lot for Sale in Bacoor, Cavite.",139,64,2,3,2,9242000
"HOUSE AND LOT FOR SALE in Santiago City, Isabela | P60,000.",104075,104000,2,3,2,6410000
"Unique 5 Bedroom Modern Zen House For Sale at Ayala Westgrove Heights in Silang, Cavite.",675,600,2,5,5,80000000
House in Cavite 3 bedroom Vermosa daang hari.,142,67,2,3,2,8607000
MODERN SINGLE ATTACHED HOUSE AND LOT FOR SALE!!!.,202,127,2,3,3,9248000
Ready for occupancy just pay 10% move in.,138,63,2,3,2,5293200
The Bigger and Beautiful Townhomes at UPS in Paranaque City.,312,237,3,4,3,12978000
4 bedrooms house and lot in cebu city.,373,298,2,4,3,37339920
"Flood Free AREA Ready For Occupancy 3BR Single House Near Hospital, School ???? Single Home 60 @ Cabuyao Ayala Brand.",135,60,2,3,1,4100000
Single Detached House and Lot in Mission Hills Havila in Antipolo.,275,200,2,4,3,12000000
Pre- Selling Townhouse with 3 Bedrooms in Project 8 Quezon City.,195,120,3,3,3,6500000
2-Storey Single-Attached House • NO FAULT LINE & FLOOD FREE • NEAR to all your needs !! • COMPLETE turn over !!.,177.42,102.42,2,2,1,4299613
2 Storey Fully Furnished House for Sale inside Tierra Bella Homes QC.,75,,2,5,7,65000000
READY HOME FULLY FURNISHED 5 BEDROOM HOUSE AND LOT.,75,,3,5,3,7835901
FOR SALE Newly Renovated House & Lot in Kapitolyo Pasig near BGC-Ortigas Link.,275,200,4,4,3,18900000
2-Storey Single-Attached House • NO FAULT LINE & FLOOD FREE • NEAR to all your needs !! • COMPLETE turn over !!.,177.42,102.42,2,2,2,4328045
House and Lot For Sale in Nuvali Laguna Avida Averdeen Estates.,185,110,1,3,2,12646000
4BR for Sale in Verdana Homes Daang Hari.,75,,2,4,3,39950000
House and Lot For Sale Beside the Golf Course in Silang few minutes away to Tagaytay.,240,165,2,3,3,14600000
15% DP Ready for Occupancy House and Lot with READY RENTAL INCOME Inside a Beautiful Golf Community in Silang near Tagaytay.,198,123,2,2,2,11400000
House and Lot For sale In Daang Hari Molino Bacoor.,227,152,2,4,3,8800000
Pre-Selling House and Lot in Cavite General Trias.,141,66,2,2,2,5654000
"GOLF COURSE VIEW House and Lot for sale in Silang, minutes away to Tagaytay.",240,165,2,3,3,14600000
RFO Single Attached 3 Bedrooms Finished Elevated Subdivision near Mainroad and Stablishments.,135.1,60.1,2,3,2,3600000
"PACKAGE DEAL: THREE (3) HOMES; HOUSE A 2BR 2BA; HOUSE B 3BR 2BA 2LOFTS; GUEST HOUSE 1BR 1BA, GABUKO RD, BRGY BAGONG SICAT, PPC, PALAWAN, PHILIPPINES.",2275,2200,2,6,5,46600000
Good deal 5BR House for sale at San Miguel Village.,525,450,2,5,5,85000000
House and Lot Townhouse for sale in Lower Antipolo near SM Masinag and LRT Masinag to Recto.,187,112,2,3,3,7100000
House and Lot for sale in Talisay Cebu.,176,101,2,3,2,5550000
SALE: 2 BEDROOMS FRIELLE House and Lot for Sale in Bay Laguna.,125,50,2,2,1,4973000
SALE: 2 BEDROOMS MIKA House and Lot for Sale in Cabuyao Laguna.,121,46,2,2,1,4333000
House and Lot for Sale Antipolo Rizal [3BR Single Attached].,167,92,2,3,3,9500000
House and Lot For Sale in Padre Garcia Batangas.,233,158,2,5,3,7565900
Golf Course View House for Sale in Silang near Tagaytay.,240,165,2,3,3,14600000
ALTA VISTA 4-STOREY HOUSE WITH SEA & MOUNTAIN VIEWS FOR SALE.,395,320,4,5,4,13500000
15% DP Ready for Occupancy with READY RENTAL INCOME Brand New House & Lot for Sale in a Golf Community in Silang Cavite near Tagaytay.,198,123,2,2,2,11400000
"House and lot with Fabulous GOLF COURSE VIEWS in Silang, Cavite.",240,165,2,3,3,14600000
"15% DP with READY RENTAL INCOME Spacious Surroundings Ready for Occupancy House and Lot for Sale Beside the Golf Course Ideal for Retirement in Silang, Cavite near Tagaytay.",198,123,2,2,2,11400000
House and Lot for Sale in Baguio City (Modern Design).,214,139,2,3,2,8449000
RFO House and Lot for Sale in Antipolo City Marcos Highway.,265,190,2,4,3,16000000
Ready Home 4 Bedroom House and Lot Near Daang Reyna.,325,250,2,4,3,34852000
"The 3 Bedroom House for Sale in Terrazo in Robinsons Vineyard, Dasmarinas, Cavite.",135,60,2,3,1,4600000
15% DP Ready for Occupancy with READY RENTAL INCOME House for Sale in a Golf Community in Silang Cavite near Tagaytay.,198,123,2,2,2,11400000
"House and Lot for sale in Liloan, Cebu.",130.17,55.17,2,3,2,3200000
FOR SALE HOUSE IN BANAWA CEBU CITY.,208,133,2,4,3,16000000
15% DP Ready for Occupancy with READY RENTAL INCOME House for Sale in a Golf Community in Silang Cavite near Tagaytay.,198,123,2,2,2,11400000
"House and Lot for sale in Liloan, Cebu.",130.17,55.17,2,3,2,3200000
FOR SALE HOUSE IN BANAWA CEBU CITY.,208,133,2,4,3,16000000
House and Lot For Sale in Padre Garcia Batangas.,207,132,2,5,3,6797600
Mesmerizing Premier Vigan Inspired House Unit @ Summit Point Estates Near LIMA Technology Park.,260,185,2,4,3,11263920
Experience SOUTHERN Comfort Living ???? ???? 2-Storey Single-Attached House • NO FAULT LINE & FLOOD FREE • NEAR to all your needs !! • COMPLETE turn over !.,177.42,102.42,2,2,1,4299000
5 Bedroom with pool 2-Storey modern type Brandnew House and Lot for SALE in Angeles City near CLARK.,403,328,2,5,6,26000000
READY FOR OCCUPANCY FOR SALE | 2 BEDROOMS HOUSE AND LOT | CABUYAO LAGUNA.,128,53,2,2,2,4844000
DILAMPIR 1 HOUSE AND LOT TWO-STOREY WITH BASEMENT SINGLE ATTACHED DOWNHILL MODEL.,274,199,3,3,3,14096500
House and Lot Townhouse in Teachers Village Quezon City near Commonwealth Ateneo Katipunan.,345,270,3,5,5,22000000
3BR RFO IN CAMELLA SILANG HOUSE AND LOT NEAR TAGAYTAY CITY.,140,65,2,3,2,6702000
Malalaki lote at EXPANDable pa @ CENTERRA CABUYAO ???? ????FEW Units Left for RE-OPEN UNITS (ON-Going Constructions.,117.5,42.5,2,2,1,2400000
"Big Modern 3-Bedroom Villa with Swimming Pool Overlooking The Golf Course For Sale at Eagle Ridge General Trias, Cavite.",665,590,3,3,3,42000000
"6 Bedrooms HOUSE and LOT FOR SALE in San Lorenzo Village, Makati City.",465,390,1,6,5,150000000
GOOD DEAL!!! BEL-AIR HOUSE FOR SALE!!!.,600,525,2,4,4,230000000
House & Lot for Sale in South Cotabato.,217,142,2,5,3,8096994
4 BEDROOMS CORNERLOT SINGLE ATTACHED AT LANCASTER NEW CITY.,216,141,2,4,3,7538380
???? ???? Avail thru PAG IBIG Fund 2BR Modern Designed and Durable homes that is Affordable to the working Filipino.,125.2,50.2,2,2,1,2350000
"TOWN HOUSE 10 % DOWN-PAYMENT, AFFORDABLE AND ACCESSIBLE IN THE MAIN ROAD.",191,116,2,3,3,4550000
3 Bedrooms house and lot in Mandaue City.,167,92,2,4,3,9050000
4 BEDROOMS SINGLE ATTACHED READY FOR OCCUPANCY HOUSE AND LOT.,175,100,2,4,3,6889340
3 STOREY OVERLOOKING HOUSE.,322,247,3,5,5,14000000
"For Sale: House and Lot in Bel-Air Village, Makati.",675,600,1,4,4,260000000
Brand New Modern Industrial 2 Storey Single Detached House and Lot in Filinvest East.,330,255,2,4,4,20000000
BELLA READY FOR OCCUPANCY UNIT in CAMELLA CERRITOS GENSAN.,128,53,2,2,2,4429388
Elegant House and Lot for Sale in Bacoor Cavite Ready for Occupancy 1.5M to move-in Complete Turn Over near Malls and Bacoor City Hall.,189,114,2,3,3,15333500
"Premium House & Lot for Sale in Lipa, Batangas.",186.59,111.59,1,5,5,8712759
Brand new fully furnished house and lot for sale in Consolacion Cebu.,229,154,2,3,3,12300000
3 BEDROOMS SINGLE ATTACHED INSTALLMENT AT LANCASTER NEW CITY CAVITE.,175,100,2,3,3,6075600
4br House and Lot for Sale in Imus Cavite Ready for Occupancy ₱436k to move-in near SM Center Imus.,160,85,2,4,3,7424750
Brentville Brand New House for Sale.,188,113,2,3,3,23500700
"Executive House in Mayuga Subdivision, BF Parañaque.",395,320,2,4,3,50000000
HOUSE AND LOT FOR SALE in Brgy Estaca Minglanilla Cebu.,183,108,2,3,2,5429338
For sale House and Lot in Binan Laguna with CCT Title Brentville near Brent international school.,289.84,214.84,2,3,3,31490100
"3 Bedroom House and Lot for Sale in Mandaue City, Cebu near Ateneo.",145,70,2,3,2,6214638
"Ready For Occupancy 3BR Single House Near Hospital, School ???? Single Home 60 @ Cabuyao Ayala BrandReady For Occupancy 3BR Single House Near Hospital, School ???? Single Home 60 @ Cabuyao Ayala Brand.",135,60,2,3,1,4100000
3 STOREY 6 BEDROOM FULLY FURNISHED HOUSE W/ SWIMMING POOL IN MABOLO CEBU CITY.,497,422,3,6,6,46172500
"The 6-Bedroom House with Parking for Sale in Angela Village, Las Pinas City.",315,240,2,6,4,16600000
"3BR Single House Near Hospital, School Ready For Occupancy???? Single Home 60 @ Cabuyao.",135,60,2,3,1,4100000
Affordable Ready for Occupancy unit.,110,35,2,2,1,2806225
FULLY FURNISHED 6 BEDROOM LUXURY RESORT HOMES IN MABOLO CEBU CITY.,497,422,3,6,6,49515952
Affordable Ready for Occupancy unit.,110,35,2,2,1,2806225
FULLY FURNISHED 6 BEDROOM LUXURY RESORT HOMES IN MABOLO CEBU CITY.,497,422,3,6,6,49515952
Super Accessible 2 Storey Single Detached in Lower Antipolo.,340,265,2,5,4,10500000
House and Lot for Sale in Lapulapu Cebu.,171.2,96.2,2,3,2,5719988
For Sale Flood Free House and Lot with Big Roofdeck in Marikina near Marcos Highway.,300,225,3,4,5,11500000
127 Paragon Homes - House and Lot for sale in Minglanilla- Cebu south.,210,135,1,4,3,7017700
For Sale House and Lot Santa Rosa Laguna 2 Storey Beautiful House Rush Sale 4 Bedrooms.,243,168,2,4,2,8500000
"The NewTownhouses in Northwest BF Homes, Paranaque City.",177,102,2,3,4,6800000
Corner Lot | 3-Bedrooms House and Lot for Sale in Butuan City.,141,66,2,3,2,5999985
"House and Lot in Beverly Hills Subdivision, Antipolo.",475,400,2,4,8,38000000
House and Lot For Sale in Rosario Batangas COMPLETE TURNOVER UNIT.,178,103,2,3,3,4108800
AVAIL Our 95K DISCOUNT SUMMER PROMO with RE-OPEN UNITS Near SLEX & MALLS /Establishments 2BR SINGLE ATTACHED UNITS PROMO PROMO ???? ????️.,131.25,56.25,2,3,1,3100000
Hillsborough Alabang Village House and Lot with High Ceiling House and Lot with High Ceiling and Basement Garage.,650,575,3,3,3,55000000
READY FOR OCCUPANCY 5 Bedroom House and Lot.,339,264,2,5,4,47050000
Experience SOUTHERN Comfort Living ???? ???? 2-Storey Single-Attached House • NO FAULT LINE & FLOOD FREExperience SOUTHERN Comfort Living ???? ???? 2-Storey Single-Attached House • NO FAULT LINE & FLOOD FREE.,177.42,102.42,2,2,2,4328045
Brand New Modern RFO 7-Bedroom House for sale at Loyola Grand Villas Marikina near Ateneo de Manila.,795,720,2,7,7,128000000
Flood Free House and Lot Townhouse in Marikina Ready for Occupancy.,225,150,2,4,3,8500000
4bedrooms single attached house and lot in cebu city.,291,216,2,4,4,13500000
"Premium Property for Sale in Periveo at Lipa, Batangas.",204.8,129.8,1,5,4,9669720
Brand New House and Lot For Sale in Dasmarinas Cavite.,358,283,2,4,3,9350000
3BR Single Attached Adrian Villas North Fairview Quezon City.,172,97,1,3,3,5200000
2 Storey 3BR Townhouse Bergen Villas 84sqm. North Fairview Quezon City.,159,84,1,3,3,6380000
Palm Coast Marina Bayside Residences 5-storey 8-unit multi-family..,1803,1728,5,8,8,260000000
"End-unit 3-Storey Townhouse near Ateneo, UP Diliman.",241,166,3,4,3,14000000
House and Lot in Binan Laguna Near Alabang.,254,179,2,3,2,25294300
Avail thru PAG IBIG Fund 2BR Modern Designed and Durable homes that is Affordable to the working Filipino in a Secure and Gated community..,125.2,50.2,2,2,1,2300000
Golf Property House and Lot for Sale in Silang close to neighboring Tagaytay.,240,165,2,3,3,14600000
RFO House and Lot for Sale in Antipolo City near Bosay Resort.,158,83,2,4,2,3999999
4 bedroom single attached house and lot for sale in Ashana Coast Liloam Cebu.,202,127,2,4,3,9752050
CORNER 4 bedroom single house and lot for sale in South City Homes Minglanilla Cebu.,226,151,2,4,3,7959500
Dalaguete House and Lot with 5 beds and 4 bathrooms.,375,300,3,5,4,9500000
4 bedrooms Townhouse with Elevator for sale in Horseshoe Village Quezon City.,635,560,4,4,6,57000008
House and Lot For Sale near Tagaytay.,129,54,2,3,2,4667749
"Ayala Brand and Flood Free AREA -Ready For Occupancy 3BR Single House Near Hospital, School ???? Single Home 60 @ Cabuyao.",135,60,2,3,1,4100000
Golf Property House and Lot for Sale with READY RENTAL INCOME in Silang few minutes from TAGAYTAY.,240,165,2,3,3,14600000
For Sale! 300sqm House and Lot in Chateaux De Paris.,300,225,2,4,3,23000000
"Low Downpayment, RFO, Spacious 2 Storey Townhouse in Marikina-Antipolo.",191,116,2,3,2,6195000
"FOR SALE: FURNISHED 3 BR HOME WITH 1,113 SQM LOT IN NAGA CITY CEBU.",327,252,2,3,2,20000000
House and Lot For Sale in San Pablo City Laguna COMPLETE TURNOVER UNIT.,157,82,2,3,2,5220200
"3BR Single House Near Hospital, School Ready For Occupancy???? Single Home 60 @ Cabuyao Ayala Brand.",135,60,2,3,1,4100000
2BR Single HOUSE '82 NA MALAPIT SA TAGAYTAY 10 MINUTES ONLY @ Silang Cavite.,157,82,2,2,2,4090900
Duplex House and Lot for Sale in Vista Verde Cainta Ready for OccupancyDuplex House and Lot for Sale in Vista Verde Cainta Ready for Occupancy.,205,130,2,4,3,7900000
Ready For Occupancy House and Lot For Sale in Tanauan City Batangas Complete Turnover Unit.,252,177,2,4,3,6500000
HOUSE WITH SWIMMING POOL PLUS ALONG THE BEACH.,335,260,2,6,4,13900000
House and Lot Townhouse for Sale in Brgy Holy Spirit Commonwealth QC Quezon City.,411,336,3,7,6,24500000
"EAST KALAYAAN, SUBIC BAY FREEPORT ZONE BEAUTIFUL HOUSE FOR SALE.",425,350,2,4,3,16000000
The Affordable Bungalow with Parking for Sale in Rio De Oro.,147,72,1,2,1,1500000
House in Vermosa Imus Cavite for sale.,142,67,2,3,2,8605000
House and Lot For Sale in Alaminos Laguna Complete Turnover Unit.,150,75,2,3,2,4769750
"2 BEDROOM RFO House and Lot near Los Banos, Laguna.",121,46,2,2,1,3187000
Ready For Occupancy House and Lot For Sale in Tanauan City Batangas Complete Turnover Unit.,252,177,2,5,3,7000000
15% DP Fresh and healthy living Golf Course Views with READY RENTAL INCOME House and Lot for Sale in Silang Cavite near Tagaytay.,198,123,2,2,2,11400000
Modern Design Three Level House for Sale in Orchid Hills Davao City | fronting Davao International Airport.,425,350,3,4,4,16000000
Charming House in Canyon Woods Residential Resort.,375,300,2,5,4,18000000
House for sale in Bacolod Mandalagan only 140k pesos downpayment for move in.,128,53,2,2,2,7034000
Balintawak QC Townhouse near Skyway 3 - EDSA Cloverleaf.,157,82,2,3,2,11995000
A. Bonifacio - Balintawak QC Townhouse near Skyway3.,157,82,2,3,2,11995000
With Tagaytay Ambiance 3BR Single HOUSE '82 NA MALAPIT SA TAGAYTAY 10 MINUTES ONLY @ Silang Cavite.,157,82,2,3,2,4090900
2-Storey Single-Attached House • NO FAULT LINE & FLOOD FREE • NEAR to all your needs !! • COMPLETE turn over !!.,177.42,102.42,2,2,2,4328045
3 Bedrooms House For Sale in Dasmarinas Cavite.,163,88,1,3,1,2700000
"Bright and Homey 5BR House and Lot for Sale in Magallanes Village, Makati City!.",407,332,1,5,4,129000000
Overlooking House and Lot San Fernando Cebu.,153,78,2,3,2,4328000
Cavite House and Lot for sale Vermosa daang hari Imus.,142,67,2,3,2,8607000
RUSH FOR SALE MODERN HOUSE AND LOT BF HOMES QUEZON CITY.,575,500,2,5,8,47000000
"FS: 4BR House & Lot at Avida Woodhill Settings Nuvali, Laguna..",371,296,2,4,3,18800000
"2BR| READY FOR OCCUPANCY RAVENA END UNIT IN SAN JOSE DEL MONTE, BULACAN.",135,60,1,2,1,4101000
2 STOREY HOUSE AND LOT IN VILLAGE EAST.,200,125,2,3,3,7500000
SUPER GOOD BUY HOME IN PORTOFINO HEIGHTS PHP 33M.,375,300,2,5,5,33000000
"Brand New Residential House for Sale in San Lorenzo Village, Makati City.",721,646,2,4,4,300000000
Ayala Heights | Beautiful Four Bedroom House and Lot for Sale in Quezon City..,607,532,1,4,4,95000000
Brand New Three (3) Bedroom House for Sale in Angeles City Pampanga.,135,60,2,3,3,5800000
5 bedrooms Single detached House and lot in lapu lapu city Cebu.,260,185,2,5,4,9815000
FOR SALE Brand New Corner House & Lot in Trevi Subdivision in Marikina.,275,200,2,4,3,14500000
NO FAULT LINE & FLOOD FREE •2-Storey Single-Attached House • COMPLETE turn over !!.,177.42,102.42,2,2,2,4328045
With Tagaytay Ambiance 3BR Single HOUSE '82 NA MALAPIT SA TAGAYTAY 10 MINUTES ONLY @ Silang Cavite.,157,82,2,3,2,4090900
RFO MODERN DESIGN BUNGALOW UNIT WITH 4BEDROOMS NEAR ROBINSON PLACE MALLS SCHOOLS HOSPITAL.,153,78,1,4,2,5100000
Camella Mandalagan Bacolod House For Sale only 120k pesos downpayment for move-in.,141,66,2,2,2,5963000
"FOR SALE: Magallanes Village House - 4 Bedroom Unit, LA 631 FA 468 Sqm, 3 Car Garage, Magallanes Village, Makati City.",543,468,1,4,4,180000000
Avail thru PAG IBIG Fund 2BR Modern Designed and Durable homes that is Affordable to the working Filipino in a Secure and Gated community..,125.2,50.2,2,2,1,2300000
Ready Home Single detached House and Lot For Sale.,252,177,2,4,3,29325000
Ready For Occupancy Unit.,152,77,1,3,2,4800700
FOR SALE Modern and Spacious House and Lot in Don Enrique Heights Subdivision with Roofdeck.,725,650,3,5,5,55000000
3 Bedrooms Bungalow House in Bacolod READY FOR OCCUPANCY.,130,55,1,3,2,3200000
LUXURIOUS HOUSE FOR SALE IN AYALA ALABANG VILLAGE MUNTINLUPA CITY.,955,880,1,5,5,235000000
AVAIL Our 95K DISCOUNT SUMMER PROMO Near SLEX & MALLS /Establishments 2BR SINGLE ATTACHED UNITS.,125,50,2,2,1,3100000
"4BR CORNER SINGLE-DETACHED HOUSE AND LOT + 2-CAR GARAGE IN ANTIPOLO CITY, RIZAL NEAR XENTROMALL MAMBUGAN - SM CITY MASINAG - LRT2 EAST EXTENSION MASINAG STATION. 100% FLOOD-FREE!.",245.69,170.69,2,4,4,11500000
"4BR SINGLE-DETACHED HOUSE AND LOT + 2-CAR GARAGE IN ANTIPOLO CITY, RIZAL NEAR XENTROMALL MAMBUGAN - SM CITY MASINAG - LRT2 EAST EXTENSION MASINAG STATION. 100% FLOOD-FREE!.",240.65,165.65,2,4,4,11500000
"3 storey house and lot in Filinvest Home East Marcos Highway, Ready for Occupancy.",382,307,3,5,5,24000000
Are You Looking For Modern Country Home in Baguio City For Sale.,265,190,3,5,5,9999888
House and Lot For Sale in Batangas City COMPLETE TURNOVER UNIT.,150,75,2,3,2,4925000
"House and Lot near SM Consolacion, Cebu with 4-Bedrooms.",258,183,2,4,3,11800000
House and Lot for sale in Talisay Cebu.,207,132,2,4,3,13052191
FOR SALE 6 BEDROOM VACATION HOUSE AND LOT IN LIPA CITY.,1475,1400,2,6,4,15000000
FOR SALE: BEACH HOME WITH 4 BEDROOMS AND POOL..,825,750,1,4,5,25000000
Newly-Renovated 2-Storey House in Merville Park Subd. Paranaque.,375,300,2,3,4,30000000
Rent To Own for Fully Furnished House @ Alabang West.,562,487,2,4,4,54161888
Ready for occupancy 7 bedroom single detached house and lot for sale in Kishanta Talisay City Cebu..,401,326,2,7,7,26000000
Corner House and Lot in Whitesands Villa Lapu-Lapu for Sale.,255,180,2,3,2,13500000
Affordable House and Lot For Sale in Tanza Cavite Complete Turnover Unit.,233,158,2,5,3,9640550
2BR Single House Near Calamba or Canlubang SLEX Laguna With Linear Parks and Tree-lined Alleys Amenities.,115,40,2,2,2,4298494
Pre Selling House in Visayas Avenue Quezon City near Fernwoods Garden.,239,164,4,4,3,14995000
5 Bedroom House for sale,340,265,2,5,4,10500000
Property For Sale in San Juan Batangas.,175,100,2,4,3,13664091
4 Identical Units facing East.,273,198,4,3,3,17000000
"2BR| PRE-SELLING EZABELLE UNIT IN SAN JOSE DEL MONTE, BULACAN.",138,63,1,2,1,3109000
BACOLOD HOUSE Ready for occupancy 4 bedrooms 15k pesos reservation.,175,100,2,4,3,5000000
"For Sale Front Unit!! Modern House and Lot in Quezon City West Fairview near Dahlia ave., FEU Hospital.",210,135,2,3,3,8000000
"Newly RFO House and Lot For Sale in Quezon North Olympus near SM Fairview, Ayala Terraces.",160,85,2,3,2,6200000
"Semi Furnished Townhouse for sale in Teachers Village Diliman Quezon City Near Cubao, EDSA, Kamias.",355,280,3,5,4,25000000
"Bright and Homey 5-Bedroom Modern House For Sale at AFPOVAI Village, Taguig Near BGC & McKinley Hill.",645,570,3,5,7,73000000
READY FOR OCCUPANCY FURNISHED VACATION HOUSE IN LIPA CITY.,443,368,2,6,4,15000000
The Resale Bungalow for Sale with 4 Bedrooms near Alabang Zapote Road.,315,240,1,4,3,13000000
Avail thru PAG IBIG Fund 2BR Modern Designed and Durable homes that is Affordable to the working Filipino in a Secure and Gated community..,125.2,50.2,2,2,1,2350000
House For Sale in Cavite Ready For Occupancy.,208,133,1,4,3,8412009
"Enticing Beautiful Brand New 4 Bedroom 4BR Modern House for Sale with swimming pool in Mckinley Hill Village, Taguig.",525,450,1,4,5,95000000
"Semi furnished 4 Bedroom 4BR Modern House for Sale in Mckinley Hill Village, Taguig.",525,450,1,4,5,95000000
5BR Unfurnished House & Lot for Sale in Southridge Estates Tagaytay.,501,426,2,5,5,17420000
"3 storey Zen Type House for Sale inside Sanville Subd, Culiat, QC.",270,195,3,4,4,25000000
For sale: : 4-bedroom new house with a pool in Maria [email protected] P88M.,664,589,3,4,4,88000000
"Single Attached Bungalow unit with 3 Bedrooms near Robinsons Place Antipolo,Schools,Church,Hospital.",203,128,2,4,2,5100000
House and Lot for Sale in Village East Cainta near Pasig and Marcos Highway RFO Ready for Occupancy.,275,200,2,4,3,7500000
5 BEDROOMS HOUSE & LOT FOR SALE | CAMELLA TAGUM TRAILS.,185,110,1,5,3,6475780
2-Storey House and Lot 350sqm in Tandang Sora near Visayas Ave.,525,450,2,5,4,21000000
FS: Brand New 4 Bedroom Duplex at AFPOVAI Subdivision.,485,410,3,4,4,48800000
"Pre-Selling 5 Bedroom 3 Storey Townhouses in Pardo, Cebu City.",225,150,3,6,3,8950000
Avail thru PAG IBIG Fund 2BR Modern Designed and Durable homes that is Affordable to the working Filipino.,125.2,50.2,2,2,1,2350000
"Brand New RFO SINGLE DETACHED FOR SALE FLOOD FREE AREA NEAR SM MALL,LRT,MARKET.",335,260,2,5,4,15801000
Large 5 Bedrooms House and Lot Property for sale in Brentville International Community Binan Laguna. near Metro Manila.,525,450,2,6,8,65000000
"Semi Furnished Townhouse for sale in Teachers Village Diliman Quezon City Near Cubao, EDSA, Kamias.",345,270,3,4,4,22000000
RFO FLOOD FREE WITH 3BEDROOMS MARIKINA AREA NEAR LRT STATION.,319,244,2,4,4,12900000
With 50K DISCOUNT!!2-Storey Single-Attached House • NO FAULT LINE & FLOOD FREE • NEAR to all your needs !! • COMPLETE turn over !!.,177.42,102.42,2,2,1,4299613
Experience SOUTHERN Comfort Living ???? ???? 2-Storey Single-Attached House • NO FAULT LINE & FLOOD FREE • NEAR to all your needs !! • COMPLETE turn over.,177.42,102.42,2,2,2,4328045
Near SLEX & MALLS /Establishments 2BR SINGLE ATTACHED UNITS.,117.5,42.5,2,2,1,2400000
"Furnished 2-Storey 6Br 5Ba 4-5 Cars Mediterranean Home, So. Pacific Golf & Leisure Estates, Davao City, Davao, Phil..",675,600,2,6,5,22000000
READY FOR OCCUPANCY FULLY FURNISHED 5 BEDROOM HOUSE AND LOT.,229,154,3,5,3,7835901
"House and Lot for sale in Pristina North, Talamban, Cebu City.",525,450,2,4,4,35000000
For Sale Brandnew House and Lot for Sale located in Vera Estate Subd. Mandaue..,293,218,2,4,4,25000000
"4BR CORNER SINGLE-DETACHED HOUSE AND LOT + 2-CAR GARAGE IN ANTIPOLO CITY, RIZAL NEAR XENTROMALL MAMBUGAN - SM CITY MASINAG - LRT2 EAST EXTENSION MASINAG STATION. 100% FLOOD-FREE!.",222.4,147.4,2,4,4,11500000
"2BR| PRE-SELLING FRIELLE UNIT IN SAN JOSE DEL MONTE, BULACAN.",154,79,1,2,1,3960000
Ready House and Lot Property For Sale in Manila Southwoods Facing Golf Course near Manila.,535,460,2,5,6,50000000
"Semi-Furnished House, fully renovated, 3br, buhangin davao.",155,80,1,3,2,3500000
ELEGANT SINGLE ATTACHED FOR SALE near SM Southmall Las PiñasCity.,171,96,2,3,3,7872000
Talisay 2 storey house with 5 bedrooms inside subdivision P18Mn.,381,306,2,5,5,18000000
RFO 5-Bedroom House in Corona Del Mar Talisay Cebu.,375,300,2,5,5,28000000
Camella Bacolod South Ezabelle Model House Affordable Bacolod House For sale.,121,46,2,2,1,2970000
Amazing Brand new house FOR SALE in Kingspoint Subd QC -Keziah.,225,150,2,3,3,9800000
4 bedroom duplex house and lot for sale in Breeza Scapes Lapulapu City.,233,158,2,4,2,9873413
House and Lot For Sale in Tanauan Batangas COMPLETE TURNOVER UNIT.,195,120,2,3,2,6298360
Residential House in AFPOVAI Taguig RFO 4BR for Sale.,485,410,3,4,5,49800000
House and Lot for sale in Talisay Cebu.,122,47,2,2,2,4217999
Sophisticated Modern house FOR SALE in Farview Quezon City -Keziah.,433,358,2,4,5,40000000
BRAND NEW HOUSE WITH OVERLOOKING VIEW IN TALISAY CITY CEBU.,275,200,4,6,3,18500000
Sophisticated Modern house FOR SALE in Farview Quezon City -Keziah.,433,358,2,4,5,40000000
BRAND NEW HOUSE WITH OVERLOOKING VIEW IN TALISAY CITY CEBU.,275,200,4,6,3,18500000
"for Sale, RFO 2 Bedroom House and Lot BELLA in Cabuyao, Laguna.",128,53,2,2,2,7652000
7 bedroom single detached house and lot for sale in Kishanta Talisay City Cebu.,401,326,2,7,7,26000000
This project is only a few minutes away from: #Shoppingmalls #AngelesCityProper #SanFernando #UniversitiesandHospitals #ClarkInternationalAirport #ClarkFreeportZone Very Accessible to #NewClarkCity and #Subic via TPLEX.,163,88,2,3,2,3274000
"TOP Quality house SPECS Turon Over of 3BR Spacious Single Detached with additional home inclusions like CCTV cameras, landscaping @ DAsmarinas CAvite.",200,125,2,3,2,7900000
Avida Settings Altaraza Single Detached House near ABS CBN.,163,88,2,3,2,9196600
Charming Modern house FOR SALE in Kingspoint Subd QC -Keziah.,165,90,2,3,3,8500000
"for Sale Camella 5 Bedroom House and Lot in Bacoor, Cavite.",217,142,2,5,3,13168000
House and Lot For Sale in Pristina North Talamban Cebu.,725,650,3,6,4,48500000
2-Storey Single-Attached House • NO FAULT LINE & FLOOD FREE • NEAR to all your needs !! • COMPLETE turn over !!.,177.42,102.42,2,2,1,4299613
"For Sale Modern House and Lot in Quezon City West Fairview near Dahlia ave., FEU Hospital.",187,112,2,3,3,7000000
"3BR Spacious Single Detached with Top-quality, house specs turnover and additional home inclusions like CCTV cameras, landscaping @ DAsmarinas CAvite.",200,125,2,3,2,7900000
"Pentagon Homes Well Maintained 3 Bedroom 3BR House and Lot for Sale in Quezon City Near UP Town Center, Diliman, Ateneo, UP Diliman, Timog Ave..",425,350,1,3,4,38000000
Experience SOUTHERN Comfort Living ???? ???? 2-Storey Single-Attached House • NO FAULT LINE & FLOOD FREE • NEAR to all your needs !! • COMPLETE turn over !!.,177.42,102.42,2,2,2,4328045
Ilumina Estate Residence.,255,180,2,4,3,12268020
"FOR SALE: Spacious 2-Storey 6 Bedroom with Swimming Pool House & Lot - Sun Valley Subdivision, Parañaque.",675,600,1,6,5,42000000
With Tagaytay Ambiance 3BR Single HOUSE '82 NA MALAPIT SA TAGAYTAY 10 MINUTES ONLY @ Silang Cavite.,157,82,2,,2,4090900
"Modern Luxe Single-Detached House For Sale in Country Villas, Capitol Hills, Old Balara, Quezon City.",325,250,3,3,3,45800000
3 bedroom house and lot for sale in Sta Monica Tisa Cebu City.,199,124,2,3,2,10340527
"Bungalow house with large garden for sale in San Miguel Village, Makati City.",375,300,2,3,4,95000000
Don Antonio Royale Estate 5 Bedroom House and Lot for Sale in Quezon City.,425,350,3,5,8,75000000
For Sale Overlooking Luxurious Modern Smart Home w/ 6-Bedroom in South Hills Tisa Labangon..,875,800,2,6,6,45000000
FOR SALE 4BR Fully Furnished House and Lot in Afpovai.,335,260,1,4,3,23000000
New Intramuros Village.,275,200,3,4,3,10500000
2-Storey Single-Attached House • NO FAULT LINE & FLOOD FREE • NEAR to all your needs !! • COMPLETE turn over !!With 50K DISCOUNT.,182.42,107.42,2,3,1,5301552
Stylish Modern house & lot FOR SALE in Greenview Executive Village Q.C -Keziah Samaniego.,215,140,2,4,3,12500000
SEVEN BEDROOMS HOUSE AND LOT FOR SALE IN SAN FERNANDO PAMPANGA.,755,680,2,7,6,25000000
Accessible Low Downpayment 2 Storey House and Lot in Cainta near Marcos Highway.,175,100,2,3,3,6267350
"House for Sale in Don Antonio Royale Estates, Matandang Balara, Quezon City.",475,400,2,3,3,46000000
2BR SINGLE ATTACHED UNITS ✨SUMMER PROMO AVAIL Our 95K DISCOUNT.,117.5,42.5,2,2,1,2400000
"Elegant 3-bedroom house with a beautiful garden, inside an elite subdivision-Consolacion, Cebu.",474,399,2,3,3,17500000
BRAND NEW House and Lot in Greenland Antipolo FOR SALE.,325,250,1,4,4,13800000
House & Lot for Sale in Tivoli Royale QC with unobstructed overlooking view.,555,480,2,3,6,60000000
"House and Lot for sale in Banawa, Cebu City.",269,194,3,7,5,10800000
FOR SALE Well maintained house & lot Tierra Evelina Homes Quezon City.,425,350,2,4,3,48000000
Peacefull House and lot.,325,250,3,5,5,20000000
Greta Unit in Camella Cerritos Gensan.,241,166,2,5,3,12257245
Brand New House in AFPOVAI Taguig RFO with Elevator For Sale.,485,410,3,4,5,49800000
White Plains House for Sale!.,624,549,1,5,4,195000000
For Sale 4 Bedroom House and Lot in Silang Cavite.,222,147,1,4,3,8503188
5 bedroom single attached house and lot for sale in Minglanilla Highland.,229,154,2,5,4,10548700
4 bedrooms single detached house and lot for sale in Minglanilla Highland.,204,129,2,4,3,9707100
Zambales Beach House for Sale.,1161,1086,2,5,3,25000000
"Good as New Single Detached House for Sale inside Mapayapa Village, Brgy. Pasong Tamo, Quezon City.",625,550,2,4,4,28000000
"For Sale Front Unit House and Lot in Quezon City West Fairview near Dahlia ave., FEU Hospital.",210,135,2,3,3,8000000
20% Down payment Payable up to 10 mos WITHOUT Interest.,164.8,89.8,2,3,2,4280000
"5 Bedrooms House and lot for sale in BF HEVA, BF Homes, Paranaque City.",555,480,2,5,6,35696008
Tierra Del Rey Subdivision in Bacolod City 2 storey Modern House and lot For sale in Negros.,135,60,2,2,3,5200000
READY FOR OCCUPANCY TOWN HOUSE IN TAYTAY RIZAL AS LOW 20% DOWN-PAYMENT.,129.6,54.6,2,2,1,2750000
MODERN ELEGANT FIXTURES TRIPLEX HOUSE AND LOT FOR SALE MOONWALK LAS PINAS near SM South Mall.,193,118,2,3,3,6300000
House and Lot Townhouse for Sale in West Fairview Novaliches Quezon City near Dahlia Road Regalado and Commonwealth.,285,210,3,5,5,12000000
"House and Lot for sale in Labangon, Cebu City.",164.19,89.19,2,4,3,7100000
Avail thru PAG IBIG Fund 2BR Modern Designed and Durable homes that is Affordable to the working Filipino in a Secure and Gated community..,125.2,50.2,2,2,1,2350000
"Brandnew 3 storey Single Attached House for Sale located @ Isadora Hills, Holy Spirit, Quezon City.",625,550,3,7,6,32000000
Soon to Rise in Mamatid Cabuyao & Calamba Boundary!!!!Avail thru PAG IBIG Fund 2BR Modern Designed and Durable homes that is Affordable to the working Filipino in a Secure and Gated community..,125.2,50.2,2,2,1,2300000
Modern 2 Storey Duplex FOR SALE in Greenview Executive Village QC -Keziah Samaniego.,215,140,2,4,3,12500000
House and Lot For Sale in San Pablo City Laguna COMPLETE TURNOVER UNIT.,195,120,2,4,2,8057800
House and Lot For Sale in San Pablo City Laguna COMPLETE TURNOVER UNIT.,233,158,2,5,3,9292100
"House and Lot for sale in Consolacion, Cebu.",153,78,2,2,2,4638990
SUBIC AUSTRALIAN QUALITY GUARANTEED HOUSE FOR SALE/ BANK FINANCING.,195,120,1,3,2,7000000
2BR Modern Designed and Durable homes that is Affordable to the working Filipino in a Secure and Gated community..,125.2,50.2,2,2,1,2300000
2-Storey Single-Attached House • NO FAULT LINE & FLOOD FREE • NEAR to all your needs !! • COMPLETE turn over !!.,177.48,102.48,2,2,2,4328045
SINGLE ATTACHED 4BR HIGHLANDS HOUSE AND LOT FOR SALE WITH CITY VIEWS & AMENITIES NEAR Q.C.,160,85,2,4,3,9600000
"Brand New 3 BR House & lot in Mahogany Place I, Taguig City.",202,127,3,3,3,30000000
House and Lot for sale in Cebu City.,168,93,2,4,3,8887200
Near the beach a 4 bedroom single detached house and lot for sale in Citadel Estates Liloan Cebu.,185,110,2,4,2,9013740
"5 BEDROOMS HOUSE AND LOT IN AMPAYON, BUTUAN CITY.",175,100,2,5,3,6318655
4 bedroom single attached house and lot for sale in Metropolis Talamban Cebu.,271,196,2,4,4,11700000
FOR SALE 2 BEDROOM HOUSE IN LIPA CITY.,163,88,2,2,2,4404736
RUSH SALE!!! 5 Bedrooms 2-Storey House and Lot for SALE in Angeles City near Marquee Mall and NLEX.,315,240,2,5,3,8000000
"RFO FOR SALE: 2 BEDROOMS Arielle Townhouse House and Lot for Sale in Bay, Laguna.",111,36,2,2,1,2517000
"Newly-Built Bright and Breezy 3 Bedroom House For Sale at Verdana Homes Daang Hari, Bacoor Cavite.",325,250,2,3,3,29680000
"House and Lot for sale in Tisa Hills, Labangon, Cebu City.",189,114,2,3,2,5580000
READY FOR OCCUPANCY - 2 STOREY HOUSE AND LOT DUPLEX WITH SUPERB INTERIOR.,201,126,2,4,3,7450000
"Ayala Brand Ready For Occupancy 3BR Single House Near Hospital, School ???? Single Home 60 @ Cabuyao.",135,60,2,3,1,4100000
The Ideal 3 Bedroom House for sale with Parking via Cavitex.,173,98,2,3,2,5200000
Last 1 unit available Pinakamurang 2BR Single Attached sa Sta Rosa (Complete Finished Turn Over) @ Balibago STA ROSA LAGUNA!! Near SLEX Ready for Occupancy.,120,45,2,2,1,3080000
5 Bedroom Brandnew 2-Storey House and Lot with pool Along Friendship Highway Angeles City near Clark.,305,230,2,5,6,17500000
"Pre- Selling 3 Storey Duplex House in Busay, Cebu City.",195,120,3,3,3,7498800
"5 BEDROOMS FULLY FURNISHED BRAND NEW HOUSE FOR SALE IN PAMPANG, ANGELES CITY PAMPANGA NEAR CLARK AIRPORT.",315,240,2,5,5,18500000
2-Storey Single-Attached House • NO FAULT LINE & FLOOD FREE • NEAR to all your needs !! • COMPLETE turn over !!.,177.42,102.42,2,2,2,4328045
House and Lot for Sale in Santa Rosa Laguna.,315,240,2,4,3,16000000
HOUSE AND LOT FOR SALE IN LAIYA SAN JUAN BATANGAS NEAR THE BEACH.,178,103,2,3,3,8580000
Furnished house for sale with pool in Amara Liloan Cebu near the beach.,440,365,3,5,4,30000000
Newly Renovated house & lot FOR SALE in Greenview Executive Village Q.C -Keziah.,315,240,2,4,4,17000000
House and Lot For Sale in Batangas City COMPLETE TURNOVER UNIT.,165,90,2,3,2,5750000
Brand new 4BR House and Lot with Pool in Angeles City for Sale.,286,211,2,4,4,13000000
House and Lot for Sale in Tagaytay.,190,115,1,2,2,10500000
"GORGEOUS 4 BEDROOMS NEWLY BUILT HOUSE FOR SALE IN MALABANIAS, ANGELES CITY PAMPANGA NEAR CLARK.",255,180,2,4,4,14900000
For Assume Astele Mactan Maribago Lapu-Lapu City.,225,150,2,5,4,10200000
"RFO BRAND NEW DUPLEX TOWNHOUSE NEAR QC,MARIKINA,CUBAO,MALL,HOSPITALS,MARKET,SCHOOL.",168.5,93.5,2,3,3,7501000
Avail thru PAG IBIG Fund 2BR Modern Designed and Durable homes that is Affordable to the working Filipino in a Secure and Gated community..,125.2,50.2,2,2,1,2300000
"FOR SALE: House and Lot in Dasmarinas Village, Makati.",875,800,1,4,4,550000000
Ayala Heights Stunning Aristocratic White Mansion.,1175,1100,3,5,5,235000000
ELEGANT SINGLE DETACHED SPACIOUS 3 BEDROOMS HOUSE AND LOT FOR SALE.,195,120,2,3,3,8900000
RFO House in Pramana Residential Park - FLEXIBLE TERMS.,391,316,2,3,2,28892446
2BR Modern Designed and Durable homes that is Affordable to the working Filipino in a Secure and Gated community..,125.2,50.2,2,2,1,2300000
FOR SALE! 656sqm House and Lot at Eagle Ridge Cavite.,665,590,1,3,3,45000000
121k/sqm AFPOVAI Taguig Duplex House Ready for Occupancy for Sale.,485,410,3,4,5,49800000
AFPOVAI Taguig House and Lot Ready for Occupancy For Sale.,485,410,3,4,5,49800000
READY FOR OCCUPANCY SMART HOME 6 Bedroom House and Lot in Santa Rosa.,783,708,3,6,6,70831000
Corner House and Lot for Sale in Greenwoods Taytay Cainta near Pasig and C6 road to Makati BGC Taguig Libis Ortigas NAIA Pasay.,425,350,3,6,6,15500000
For Sale! 4BR House at San Miguel Village.,400,325,1,4,2,75000000
READY HOME 4 Bedroom House and Lot Near Nuvali.,377,302,3,4,4,70831000
"RFO FOR SALE! 3 BEDROOM House and Lot in Cabuyao near Nuvali, Sta Rosa.",141,66,2,3,2,5681000
2BR Modern Designed and Durable homes in Mamatid Cabuyao & Calamba Boundary!!!!Avail thru PAG IBIG Fund.,125.2,50.2,2,2,1,2350000
Brand New House For Sale in Molave Subdivision Consolacion Cebu.,229,154,2,3,2,12300000
House and Lot For Sale in San Pablo City Laguna COMPLETE TURNOVER UNIT.,207,132,2,5,3,8516000
House and Lot For Sale in San Pablo City Laguna COMPLETE TURNOVER UNIT.,175,100,2,3,2,5757500
Homey & Modern 4 Bedroom 2 Car Garage Townhouse in UP Village Quezon City H031.,241,166,1,4,4,14300000
2-Storey Single-Attached House • NO FAULT LINE & FLOOD FREE • NEAR to all your needs !! • COMPLETE turn over !!.,182.42,107.42,2,3,2,5401048
Mediterranean House and Lot For Sale in Cebu City with Jacuzzi.,587,512,2,4,4,32000000
"Single Detached House in Molave Subdivision, Consolacion, Cebu.",264,189,2,4,4,12300000
2BR PRE-SELLING HOUSE FOR SALE IN GENERAL TRIAS CAVITE.,115,40,2,2,1,3264000
3 bedroom single attached house and lot for sale in Alberlyn Talisay City.,143,68,2,3,2,6048000
2 Storey House and Lot for Sale in Mandaluyong City.,275,200,2,3,2,28500000
Beautiful Serene House and Lot for Sale in Santa Rosa Laguna.,241,166,2,3,3,15000000
"Brand New RFO SINGLE DETACHED FOR SALE FLOOD FREE AREA NEAR SM MALL,LRT,MARKET.",335,260,2,5,4,15801000
RFO Brand New Single Detached House and Lot for Sale near Masinag LRT staion.,335,260,2,6,5,15805000
An Elegant Glass House in Rancho Estate Brand New House 100% Flood Free and Fault line free..,319,244,2,4,4,12900000
"RFO Townhouse near Skyway3, Ayala Cloverleaf Mall.",157,82,2,3,2,11955000
Prime Property at White Plains Quezon City.,475,400,2,4,5,118000000
4 Bedroom Townhouse in Mandaluyong For Sale.,301,226,3,4,4,25000000
For sale House and Lot in Brentville International Biñan Laguna.,188,113,2,3,2,24000000
"House & Lot For Sale in A Secured Subdivision near Clark Freeport Zone, Angeles Pampanga.",335,260,2,4,4,15000000
"5 Bedrooms House and lot for sale in BF Homes, Paranaque City.",555,480,2,5,7,35696008
The Newest 2 Storey House with 3 Bedrooms for Sale in Antel Village via Cavitex.,175,100,2,3,2,5200000
Commercial House and Lot for Sale in Greenwoods Taytay Cainta Pasig near C6 Road to BGC Taguig Makati Libis Ortigas.,185,110,2,3,3,12500000
3 bedroom single detached for sale in Kahale Residences Minglanilla Cebu.,188,113,2,3,2,9537722
OLD HOUSE IN MAKATI FOR SALE!!! GOOD DEAL!!!.,669,594,1,4,4,165000000
3 bedroom duplex house and lot for sale in Primehills Talisay City.,148,73,2,3,2,6740000
3BR NON-READY FOR OCCUPANCY IN SILANG CAVITE NEAR TAGAYTAY CITY.,141,66,2,3,2,5127000
"Cabangan, Zambales Beachfront House for Sale.",461,386,2,5,3,25000000
2BR SINGLE ATTACHED UNITS AVAIL Our 95K DISCOUNT SUMMER PROMO Near SLEX & MALLS /Establishments.,117.5,42.5,2,2,1,2400000
Portofino Heights Las Pinas House and Lot for Sale in Bacoor.,392,317,2,4,3,28000000
Avida Northdale Alviera.,200,125,2,2,2,5100000
"You must see this! Brand New House for Sale in Ayala Heights, Quezon City.",975,900,3,6,6,188000000
MINDANAO AVENUE QUEZON CITY HOUSE & LOT FOR SALE.,435,360,1,6,3,54000000
Japanese Inspired House for Sale in Dasmarinas Cavite.,155,80,2,3,2,5995000
LUXURY HOUSE IN BRITTANY GEORGIA - CAROLYN STA. ROSA LAGUNA.,340,265,2,3,3,22524776
Complete Finished Turn Over Pinakamurang 2BR Single Attached sa Sta Rosa @ Balibago STA ROSA LAGUNA!! Near SLEX On going Construction.,120,45,2,2,1,3139000
READY FOR OCCUPANCY FULLY FURNISHED 4 BEDROOM HOUSE AND LOT.,249,174,3,4,3,6921000
Corner House and Lot for Sale in Greenwoods Taytay Cainta near Pasig and C6 road to Makati BGC Taguig Libis Ortigas NAIA Pasay.,425,350,3,6,6,22300000
House and Lot For Sale in Rosario Batangas COMPLETE TURNOVER.,145,70,2,3,2,3200000
FOR SALE House & Lot in Dona Filomena Subdivision.,249,174,3,4,3,14000000
5th Ave Cubao QC House and Lot For Sale.,324,249,4,5,5,23000000
"RFO 3STOREY FLOOD FREE HOUSE AND LOT NEAR LRT MASINAG STATION,MALLS,MARKET,SCHOOLS,HOSPITAL.",382,307,2,5,5,24000002
W/POOL BRAND NEW 2-STOREY HOUSE & LOT FOR SALE IN ANGELES CITY NEAR CLARK.,315,240,2,5,6,18500000
"Near SLEX On going Construction, Complete Finished Turn Over Pinakamurang 2BR Single Attached sa Sta Rosa @ Balibago STA ROSA LAGUNA!.",120,45,2,2,1,3139000
Mediterranean House and Lot For Sale in Cebu City with Jacuzzi.,587,512,2,4,4,32000000
"Single Detached House in Molave Subdivision, Consolacion, Cebu.",264,189,2,4,4,12300000
2BR PRE-SELLING HOUSE FOR SALE IN GENERAL TRIAS CAVITE.,115,40,2,2,1,3264000
3 bedroom single attached house and lot for sale in Alberlyn Talisay City.,143,68,2,3,2,6048000
2 Storey House and Lot for Sale in Mandaluyong City.,275,200,2,3,2,28500000
Beautiful Serene House and Lot for Sale in Santa Rosa Laguna.,241,166,2,3,3,15000000
"Brand New RFO SINGLE DETACHED FOR SALE FLOOD FREE AREA NEAR SM MALL,LRT,MARKET.",335,260,2,5,4,15801000
RFO Brand New Single Detached House and Lot for Sale near Masinag LRT staion.,335,260,2,6,5,15805000
An Elegant Glass House in Rancho Estate Brand New House 100% Flood Free and Fault line free..,319,244,2,4,4,12900000
"RFO Townhouse near Skyway3, Ayala Cloverleaf Mall.",157,82,2,3,2,11955000
Prime Property at White Plains Quezon City.,475,400,2,4,5,118000000
4 Bedroom Townhouse in Mandaluyong For Sale.,301,226,3,4,4,25000000
For sale House and Lot in Brentville International Biñan Laguna.,188,113,2,3,2,24000000
"House & Lot For Sale in A Secured Subdivision near Clark Freeport Zone, Angeles Pampanga.",335,260,2,4,4,15000000
"5 Bedrooms House and lot for sale in BF Homes, Paranaque City.",555,480,2,5,7,35696008
The Newest 2 Storey House with 3 Bedrooms for Sale in Antel Village via Cavitex.,175,100,2,3,2,5200000
Commercial House and Lot for Sale in Greenwoods Taytay Cainta Pasig near C6 Road to BGC Taguig Makati Libis Ortigas.,185,110,2,3,3,12500000
3 bedroom single detached for sale in Kahale Residences Minglanilla Cebu.,188,113,2,3,2,9537722
OLD HOUSE IN MAKATI FOR SALE!!! GOOD DEAL!!!.,669,594,1,4,4,165000000
3 bedroom duplex house and lot for sale in Primehills Talisay City.,148,73,2,3,2,6740000
3BR NON-READY FOR OCCUPANCY IN SILANG CAVITE NEAR TAGAYTAY CITY.,141,66,2,3,2,5127000
"Cabangan, Zambales Beachfront House for Sale.",461,386,2,5,3,25000000
2BR SINGLE ATTACHED UNITS AVAIL Our 95K DISCOUNT SUMMER PROMO Near SLEX & MALLS /Establishments.,117.5,42.5,2,2,1,2400000
Portofino Heights Las Pinas House and Lot for Sale in Bacoor.,392,317,2,4,3,28000000
Avida Northdale Alviera.,200,125,2,2,2,5100000
"You must see this! Brand New House for Sale in Ayala Heights, Quezon City.",975,900,3,6,6,188000000
MINDANAO AVENUE QUEZON CITY HOUSE & LOT FOR SALE.,435,360,1,6,3,54000000
Japanese Inspired House for Sale in Dasmarinas Cavite.,155,80,2,3,2,5995000
LUXURY HOUSE IN BRITTANY GEORGIA - CAROLYN STA. ROSA LAGUNA.,340,265,2,3,3,22524776
Complete Finished Turn Over Pinakamurang 2BR Single Attached sa Sta Rosa @ Balibago STA ROSA LAGUNA!! Near SLEX On going Construction.,120,45,2,2,1,3139000
READY FOR OCCUPANCY FULLY FURNISHED 4 BEDROOM HOUSE AND LOT.,249,174,3,4,3,6921000
Corner House and Lot for Sale in Greenwoods Taytay Cainta near Pasig and C6 road to Makati BGC Taguig Libis Ortigas NAIA Pasay.,425,350,3,6,6,22300000
House and Lot For Sale in Rosario Batangas COMPLETE TURNOVER.,145,70,2,3,2,3200000
FOR SALE House & Lot in Dona Filomena Subdivision.,249,174,3,4,3,14000000
5th Ave Cubao QC House and Lot For Sale.,324,249,4,5,5,23000000
"RFO 3STOREY FLOOD FREE HOUSE AND LOT NEAR LRT MASINAG STATION,MALLS,MARKET,SCHOOLS,HOSPITAL.",382,307,2,5,5,24000002
W/POOL BRAND NEW 2-STOREY HOUSE & LOT FOR SALE IN ANGELES CITY NEAR CLARK.,315,240,2,5,6,18500000
"Near SLEX On going Construction, Complete Finished Turn Over Pinakamurang 2BR Single Attached sa Sta Rosa @ Balibago STA ROSA LAGUNA!.",120,45,2,2,1,3139000
Mediterranean House and Lot For Sale in Cebu City with Jacuzzi.,587,512,2,4,4,32000000
"Single Detached House in Molave Subdivision, Consolacion, Cebu.",264,189,2,4,4,12300000
2BR PRE-SELLING HOUSE FOR SALE IN GENERAL TRIAS CAVITE.,115,40,2,2,1,3264000
3 bedroom single attached house and lot for sale in Alberlyn Talisay City.,143,68,2,3,2,6048000
2 Storey House and Lot for Sale in Mandaluyong City.,275,200,2,3,2,28500000
Beautiful Serene House and Lot for Sale in Santa Rosa Laguna.,241,166,2,3,3,15000000
"Brand New RFO SINGLE DETACHED FOR SALE FLOOD FREE AREA NEAR SM MALL,LRT,MARKET.",335,260,2,5,4,15801000
RFO Brand New Single Detached House and Lot for Sale near Masinag LRT staion.,335,260,2,6,5,15805000
An Elegant Glass House in Rancho Estate Brand New House 100% Flood Free and Fault line free..,319,244,2,4,4,12900000
"RFO Townhouse near Skyway3, Ayala Cloverleaf Mall.",157,82,2,3,2,11955000
Prime Property at White Plains Quezon City.,475,400,2,4,5,118000000
4 Bedroom Townhouse in Mandaluyong For Sale.,301,226,3,4,4,25000000
For sale House and Lot in Brentville International Biñan Laguna.,188,113,2,3,2,24000000
"House & Lot For Sale in A Secured Subdivision near Clark Freeport Zone, Angeles Pampanga.",335,260,2,4,4,15000000
"5 Bedrooms House and lot for sale in BF Homes, Paranaque City.",555,480,2,5,7,35696008
The Newest 2 Storey House with 3 Bedrooms for Sale in Antel Village via Cavitex.,175,100,2,3,2,5200000
Commercial House and Lot for Sale in Greenwoods Taytay Cainta Pasig near C6 Road to BGC Taguig Makati Libis Ortigas.,185,110,2,3,3,12500000
3 bedroom single detached for sale in Kahale Residences Minglanilla Cebu.,188,113,2,3,2,9537722
OLD HOUSE IN MAKATI FOR SALE!!! GOOD DEAL!!!.,669,594,1,4,4,165000000
3 bedroom duplex house and lot for sale in Primehills Talisay City.,148,73,2,3,2,6740000
3BR NON-READY FOR OCCUPANCY IN SILANG CAVITE NEAR TAGAYTAY CITY.,141,66,2,3,2,5127000
"Cabangan, Zambales Beachfront House for Sale.",461,386,2,5,3,25000000
2BR SINGLE ATTACHED UNITS AVAIL Our 95K DISCOUNT SUMMER PROMO Near SLEX & MALLS /Establishments.,117.5,42.5,2,2,1,2400000
Portofino Heights Las Pinas House and Lot for Sale in Bacoor.,392,317,2,4,3,28000000
Avida Northdale Alviera.,200,125,2,2,2,5100000
"You must see this! Brand New House for Sale in Ayala Heights, Quezon City.",975,900,3,6,6,188000000
MINDANAO AVENUE QUEZON CITY HOUSE & LOT FOR SALE.,435,360,1,6,3,54000000
Japanese Inspired House for Sale in Dasmarinas Cavite.,155,80,2,3,2,5995000
LUXURY HOUSE IN BRITTANY GEORGIA - CAROLYN STA. ROSA LAGUNA.,340,265,2,3,3,22524776
Complete Finished Turn Over Pinakamurang 2BR Single Attached sa Sta Rosa @ Balibago STA ROSA LAGUNA!! Near SLEX On going Construction.,120,45,2,2,1,3139000
READY FOR OCCUPANCY FULLY FURNISHED 4 BEDROOM HOUSE AND LOT.,249,174,3,4,3,6921000
Corner House and Lot for Sale in Greenwoods Taytay Cainta near Pasig and C6 road to Makati BGC Taguig Libis Ortigas NAIA Pasay.,425,350,3,6,6,22300000
House and Lot For Sale in Rosario Batangas COMPLETE TURNOVER.,145,70,2,3,2,3200000
FOR SALE House & Lot in Dona Filomena Subdivision.,249,174,3,4,3,14000000
5th Ave Cubao QC House and Lot For Sale.,324,249,4,5,5,23000000
"RFO 3STOREY FLOOD FREE HOUSE AND LOT NEAR LRT MASINAG STATION,MALLS,MARKET,SCHOOLS,HOSPITAL.",382,307,2,5,5,24000002
W/POOL BRAND NEW 2-STOREY HOUSE & LOT FOR SALE IN ANGELES CITY NEAR CLARK.,315,240,2,5,6,18500000
"Near SLEX On going Construction, Complete Finished Turn Over Pinakamurang 2BR Single Attached sa Sta Rosa @ Balibago STA ROSA LAGUNA!.",120,45,2,2,1,3139000
Mediterranean House and Lot For Sale in Cebu City with Jacuzzi.,587,512,2,4,4,32000000
"Single Detached House in Molave Subdivision, Consolacion, Cebu.",264,189,2,4,4,12300000
2BR PRE-SELLING HOUSE FOR SALE IN GENERAL TRIAS CAVITE.,115,40,2,2,1,3264000
3 bedroom single attached house and lot for sale in Alberlyn Talisay City.,143,68,2,3,2,6048000
2 Storey House and Lot for Sale in Mandaluyong City.,275,200,2,3,2,28500000
Beautiful Serene House and Lot for Sale in Santa Rosa Laguna.,241,166,2,3,3,15000000
"Brand New RFO SINGLE DETACHED FOR SALE FLOOD FREE AREA NEAR SM MALL,LRT,MARKET.",335,260,2,5,4,15801000
RFO Brand New Single Detached House and Lot for Sale near Masinag LRT staion.,335,260,2,6,5,15805000
An Elegant Glass House in Rancho Estate Brand New House 100% Flood Free and Fault line free..,319,244,2,4,4,12900000
"RFO Townhouse near Skyway3, Ayala Cloverleaf Mall.",157,82,2,3,2,11955000
Prime Property at White Plains Quezon City.,475,400,2,4,5,118000000
4 Bedroom Townhouse in Mandaluyong For Sale.,301,226,3,4,4,25000000
For sale House and Lot in Brentville International Biñan Laguna.,188,113,2,3,2,24000000
"House & Lot For Sale in A Secured Subdivision near Clark Freeport Zone, Angeles Pampanga.",335,260,2,4,4,15000000
"5 Bedrooms House and lot for sale in BF Homes, Paranaque City.",555,480,2,5,7,35696008
The Newest 2 Storey House with 3 Bedrooms for Sale in Antel Village via Cavitex.,175,100,2,3,2,5200000
Commercial House and Lot for Sale in Greenwoods Taytay Cainta Pasig near C6 Road to BGC Taguig Makati Libis Ortigas.,185,110,2,3,3,12500000
3 bedroom single detached for sale in Kahale Residences Minglanilla Cebu.,188,113,2,3,2,9537722
OLD HOUSE IN MAKATI FOR SALE!!! GOOD DEAL!!!.,669,594,1,4,4,165000000
3 bedroom duplex house and lot for sale in Primehills Talisay City.,148,73,2,3,2,6740000
3BR NON-READY FOR OCCUPANCY IN SILANG CAVITE NEAR TAGAYTAY CITY.,141,66,2,3,2,5127000
"Cabangan, Zambales Beachfront House for Sale.",461,386,2,5,3,25000000
2BR SINGLE ATTACHED UNITS AVAIL Our 95K DISCOUNT SUMMER PROMO Near SLEX & MALLS /Establishments.,117.5,42.5,2,2,1,2400000
Portofino Heights Las Pinas House and Lot for Sale in Bacoor.,392,317,2,4,3,28000000
Avida Northdale Alviera.,200,125,2,2,2,5100000
"You must see this! Brand New House for Sale in Ayala Heights, Quezon City.",975,900,3,6,6,188000000
MINDANAO AVENUE QUEZON CITY HOUSE & LOT FOR SALE.,435,360,1,6,3,54000000
Japanese Inspired House for Sale in Dasmarinas Cavite.,155,80,2,3,2,5995000
LUXURY HOUSE IN BRITTANY GEORGIA - CAROLYN STA. ROSA LAGUNA.,340,265,2,3,3,22524776
Complete Finished Turn Over Pinakamurang 2BR Single Attached sa Sta Rosa @ Balibago STA ROSA LAGUNA!! Near SLEX On going Construction.,120,45,2,2,1,3139000
READY FOR OCCUPANCY FULLY FURNISHED 4 BEDROOM HOUSE AND LOT.,249,174,3,4,3,6921000
Corner House and Lot for Sale in Greenwoods Taytay Cainta near Pasig and C6 road to Makati BGC Taguig Libis Ortigas NAIA Pasay.,425,350,3,6,6,22300000
House and Lot For Sale in Rosario Batangas COMPLETE TURNOVER.,145,70,2,3,2,3200000
FOR SALE House & Lot in Dona Filomena Subdivision.,249,174,3,4,3,14000000
5th Ave Cubao QC House and Lot For Sale.,324,249,4,5,5,23000000
"RFO 3STOREY FLOOD FREE HOUSE AND LOT NEAR LRT MASINAG STATION,MALLS,MARKET,SCHOOLS,HOSPITAL.",382,307,2,5,5,24000002
W/POOL BRAND NEW 2-STOREY HOUSE & LOT FOR SALE IN ANGELES CITY NEAR CLARK.,315,240,2,5,6,18500000
"Near SLEX On going Construction, Complete Finished Turn Over Pinakamurang 2BR Single Attached sa Sta Rosa @ Balibago STA ROSA LAGUNA!.",120,45,2,2,1,3139000
